A/C REG,Flight Airport Arrival,Created Date,Number,Location,Text,Action Latest Text,External Reference,Leak Location,Findings,Action Latest Signature Date,latitude,longitude,Created Date Filter
A6-BMH,AUH,2024-12-25 19:07:53.431,A6-BMH002521-002,Galley G1F-1C,"DURING TAKE OFF, A LOT OF WATER LEAKED FROM BEHIND THE HOT BEVERAGE MACHINES WHICH THEN SEEPED INTO THE CABIN AND GALLEY FLOOR. ",C/O RESET AND OPS TEST IAW AMM DMC-B787-A-25-32-00-27A-320A-A REV 155/30 NOV 24. NO LEAK .FOUND SATIS,80463036,Behind hot beverage machine,Nil Leak,2024-12-25 22:24:34.070000,24.426389,54.651389,2024-12-25
A6-BLD,AUH,2024-12-22 08:31:05.861,A6-BLD002194-004,Galley G2A-1C,HAD A WATER ABOUT 5 LITERS FLOWING OUT FROM THE ICE DRAWER AND AS WELL AS THE CONTAINER STOWAGE.,"GALLEY #2,ICE DRAWER WATER DRAIN FOUND CLOGGED. SAME CLEANED. WATER DRINING FOUND SATIS. 
I.A.W CMM 25-37-56 REV.07 /03JULY2023",80460201,Ice Drawer,Ice Drawer drain clogged,2024-12-22 09:46:40.612000,24.426389,54.651389,2024-12-22
A6-BLD,AUH,2024-12-22 06:27:14.297,A6-BLD002194-003,Galley G1F-1C,WATER LEAKING FROM THE BUTTOM OF THE FRIDGE,NO WATER LEAK FOUND SUSPECT WATER CONDENSATION. OPS TEST CARRIED OUT REFRIGERATOR OPERATES NORMALLY IAW AMM 25-32-00-28A-320A-A REV 155 / 30NOV2024,80460200,Behind fridge,Nil Leak,2024-12-22 09:57:19.093000,24.426389,54.651389,2024-12-22
A6-BMA,AUH,2024-12-14 01:22:57.415,A6-BMA002515-003,Galley G2A-1C,AT TOD OF DESCENT WATER CAME OUT FROM STOWAGE 2A1C13,AREA INSPECTED BEHIND GALLEY EQUIPEMENT.NIL WATER OR LEAK FOUND. REF AMM DMC-B787-25-32-00-10A-520A/720A REV 58/30NOV2024,80453272,Behind carts,Nil Leak,2024-12-14 02:47:07.124000,24.426389,54.651389,2024-12-14
A6-BMA,AUH,2024-12-14 01:20:20.377,A6-BMA002515-002,Galley G1A-1C,AT TOD OF DESCENT WATER CAME OUT FROM STOWAGE 1A1C11,AREA INSPECTED BEHIND GALLEY EQUIPEMENT.NIL WATER OR LEAK FOUND. REF AMM DMC-B787-25-32-00-10A-520A/720A REV 58/30NOV2024,80453271,Behind carts,Nil Leak,2024-12-14 02:48:30.529000,24.426389,54.651389,2024-12-14
A6-BLA,AUH,2024-12-13 01:40:10.760,A6-BLA002111-006,Galley G4A-1C,"R4 GALLEY, RHS, AFT
HEAVY WATER LEAK THROUGHOUT THE FLIGHT ","INSPECTION PERFORMED FOR  R4 GALLEY RH SIDE , NO WATER LEAK OBSERVED  FROM ANY WATER RESOURCES OR AIR CHILLERS OUTLET , GALLEY OVERHEAD  COOLING EQUIPMENT DRIAN NIL LEAK  AREA MONITORED, NIL WATER LEAK OBSERVED , AS AMM 25-31-00-01A-364A-A REV 155/30NOV24",80452497,Behind carts,Nil Leak,2024-12-13 05:41:09.997000,24.426389,54.651389,2024-12-13
A6-BLA,AUH,2024-12-13 01:38:05.939,A6-BLA002111-005,Galley G2A-1C,HEAVY WATER LEAK FROM THE ICE DRAWER DURING TAKE OFF AND LANDING,"R2 GALLEY ICE BOX DRAWER DRAIN FOUND BLOCKED ,SAME CLEANED ,NIL WATER LEAKAGE.",80452496,Ice Drawer,Ice Drawer drain clogged,2024-12-13 05:14:31.452000,24.426389,54.651389,2024-12-13
A6-BLA,AUH,2024-12-13 01:36:25.191,A6-BLA002111-004,Galley G2A-1C,HEAVY WATER LEAK FROM THE ICE DRAWER ON TAKE OFF AND LANDING ,"R1 GALLEY ICE BOX DRAWER DRAIN FOUND BLOCKED ,SAME CLEANED ,NIL WATER LEAKAGE.",80452495,Ice Drawer,Ice Drawer drain clogged,2024-12-13 05:14:46.682000,24.426389,54.651389,2024-12-13
A6-BMI,FRA,2024-12-13 01:23:57.932,A6-BMI002590-006,Galley G1F-1C,UNDER IDE DROWER LOT OF WATER RUNNING INTO CABIN DURING TAKE OFF,INSPECTION C/OUT NIL FOUND.,80452615,Ice Drawer,Nil Leak,2024-12-13 05:58:25.775000,50.037933,8.562152,2024-12-13
A6-BLA,LHR,2024-12-07 11:37:52.862,A6-BLA002102-005,Galley G4A-1C,"LEAKING A LOT, APPROXIMATELY 2L OF WATER WHICH FLOWS INTO THE AFT COMPARTMENT AND SINK AND AROUND THE SINK.",ICEDRAWER COMPARTMENT 4A1R11 CLEANED FUNCTIONAL CHECK C/OUT FOUND SATIS.,80447975,Ice Drawer,Ice Drawer cleaned,2024-12-07 15:18:54.419000,51.47002,-0.454295,2024-12-07
A6-BLW,KUL,2024-12-06 12:15:07.994,A6-BLW002297-002,Galley G2A-1C,WATER LEAK FROM R2 GALLEY DURING TOUCH DOWN.,"AREA CLEANED, NIL LEAK FOUND ON GROUND INSP C/O IAW AMM 38-31-01. GALLEY DRAINS SATIS. SUSPECT CONDENSATION. CREW TO MONITOR AND REPORT FURTHER",80447152,Behind carts,Condensation,2024-12-06 12:39:30.230000,2.745578,101.708944,2024-12-06
A6-BLL,AUH,2024-12-04 19:25:10.904,A6-BLL002317-003,Galley G4A-1L,MASSIVE WATER LEAKAGE UPON LANDING. ,OPS TEST PERFORMED SEVERAL TIMES IAW AMM DMC-B787-A-25-32-00-25A-320A-A REV154/OCT24 ALL OPERATION NORMAL NO LEAK FOUND TO MONITOR AND REPORT FURTHER,80445671,Behind hot beverage machine,Nil Leak,2024-12-04 20:59:18.052000,24.426389,54.651389,2024-12-04
A6-BLR,AUH,2024-12-04 18:46:16.755,A6-BLR002356-001,Galley G1F-1C,DURING TAKE OFF AND LANDING THE GALLEY GETS FLOODED WITH WATER COMING FROM THE BOTTOM OF LOCATION 1F1C13/14,"INSP OF R1 GALLEY CARRIED OUT IAW AMM B787-25-31-00-02A-311A-A REV 154 31 OCT 24, NIL LEAK FOUND .",80445787,Behind carts,Nil Leak,2024-12-04 22:00:49.127000,24.426389,54.651389,2024-12-04
A6-BLR,AUH,2024-11-27 19:49:49.457,A6-BLR002344-003,Galley G4A-1C,LOTS OF WATER CAME FROM BEHIND THE CARTS ON GROUND IN CGK AND ON LANDING,"PHYSICALLY CHECKED AND REMOVED ICE FORMATION ON GALLEY CHILLER FLAPS IAW AMM DMC-B787-A-25-33-01-00A-258A-A REV.006 DTD 31 OCT 2024
NO WATER LEAKS OBSERVED",80439713,Behind carts,Ice on chiller flaps,2024-11-27 22:07:59.609000,24.426389,54.651389,2024-11-27
A6-BLR,AUH,2024-11-27 14:23:46.504,A6-BLR002344-002,Galley G1F-1C,WATER LEAKING FROM BELOW DURING TAKE OFF AND LANDING,CLEANED AND REMOVED DEBRIS OF ICE DRAWER STRAINER IAW AMM DMC-B787-A-38-31-25-00A-258A-A REV.019 DTD 31 OCT 2024 DRAINING OPS NOW SATIS. NO WATER LEAKS OBSERVED,80439712,Ice Drawer,Ice Drawer drain clogged,2024-11-27 22:08:22.153000,24.426389,54.651389,2024-11-27
A6-BMB,AUH,2024-11-23 08:40:36.272,A6-BMB002434-002,Galley G1F-1C,EXCESSIVE WATER LEAKAGE FROM UNDER THE EQUIPMENTS 1F1C09-11 DURING TAKE OFF ,"BEVERAGE MAKER POSITION 1F1C09 REMOVED AND INSTALLED BACK, TEST PERFORMED SATISFACTORY IAW AMM DMC-B787-A- 25-32-00-10A-520A/720A-A REV 154, REV DATE 31 AUG 2024.",80435966,Behind hot beverage machine,Bev maker reinstalled,2024-11-23 09:14:47.311000,24.426389,54.651389,2024-11-23
A6-BNB,KUL,2024-11-13 11:47:35.385,A6-BNB002681-001,Galley G1A-1C,LITTLE WATER LEAK FROM BEHIND THE CARTS DURING THE FLIGHT,AREA CLEANED AND INSPECTED. NO LEAKS OBSERVED. SUSPECT CONDENSATION. TO MONITOR FURTHER,80427709,Behind carts,Condensation,2024-11-13 12:13:34.428000,2.745578,101.708944,2024-11-13
A6-BLY,AUH,2024-11-08 14:50:32.775,A6-BLY002385-002,Galley G1F-1C,WATER LEAK FROM UNDER TRASH COMPACTOR,REF TO WO # 80418357 FOR THE ACTION,80423598,Behind carts,Condensation,2024-11-09 16:26:24.450000,24.426389,54.651389,2024-11-08
A6-BLL,AUH,2024-11-01 18:38:48.108,A6-BLL002252-001,Galley G1F-1C,"OVERFLOW OF WATER FROM R1 GALLEY DURING TAKE OFF.
",CARRIED OUT GALLEY R1 LEAK TEST IAW AM. DMC-B787-A-25-31-00-01A-364A-A REV153 30SEP24. SATIS NO LEAK FOUNF,80418278,Behind carts,Galley leak test,2024-11-01 23:28:29.221000,24.426389,54.651389,2024-11-01
A6-BLA,SVO,2024-11-01 04:50:27.762,A6-BLA002028-004,Galley G1F-1C,"ICE DRAWER IS BLOCKDD AND TGE WATER IS NIT DRAINING, FLOODING AT TAKE OFF",SINK BLOCKAGE CLEANED. GWIV TEST PERFORMED IAW AMM DMC-B787-A-38-31-11-07A-720A-A REV153/30SEP2024. OPS CHECK OK,80417699,Ice Drawer,Ice Drawer drain clogged,2024-11-01 06:59:31.178000,55.9726,37.4146,2024-11-01
A6-BLT,AUH,2024-10-28 18:39:54.990,A6-BLT002219-004,Galley G4A-1C,"WATER IS LEAKING FROM BEHIND CARTS IN R4 GALLEY. 
FLOOR IS WET B","R4 GALLEY INSPECTION PERFORMED NIL WATER LEAK OBSERVED , FOUND WATER BOTTLE INSIDE FOOD CARD LECKING, CLEANING PERFORMED AERA MONITORED NIL FOUND ",80415000,Behind carts,Condensation,2024-10-28 20:13:03.646000,24.426389,54.651389,2024-10-28
A6-BLA,AUH,2024-10-25 05:22:25.865,A6-BLA002015-001,Galley G1F-1C,WATER SPILLAGE AT R1 GALLEY FROM ICE DRAWER COMPARTMENT (1F1C12).FLOOR GOT WET,"R1 GALLEY ICE BOX DRAWER DRAIN FOUND BLOCKED ,SAME CLEANED ,NIL WATER LEAKAGE.",80412491,Ice Drawer,Ice Drawer drain clogged,2024-10-25 21:21:40.263000,24.426389,54.651389,2024-10-25
A6-BLJ,HYD,2024-10-20 14:33:02.796,A6-BLJ002168-001,Galley G4A-1C,WATER COMING FROM CHILLERS DURING TAKE OF AND LANDING,UPON INSPECTION FOUND ICE FORMED ON FWD GALLEY REFRIGERATION FLAP ASSY DUE TO CONDENSATION SAME CLEANED NO LEAKS,80408423,Behind carts,Ice on chiller flaps,2024-10-21 17:02:09.953000,17.2311,78.4291,2024-10-20
A6-BMA,AMS,2024-10-20 13:48:58.292,A6-BMA002389-001,Galley G1F-1C,1F1C04 AND 1F1C09 WATER GUSHING FROM THIS CONTAINERS FOR TAKEOFF R1 GALLEY,"WATER WIPED AND COMPARTMENT DRIED
NO LEAKS OBSERVED WATER SEEMS TO BE RESULT OF CONDENSATION
REF AMM 25-31-00-02A-311A-A REV 153 30SEP24
PLS OBSERVE",80408580,Behind carts,Condensation,2024-10-20 19:16:29.269000,52.308613,4.763889,2024-10-20
A6-BLH,BRU,2024-10-15 11:36:45.842,A6-BLH002304-004,Galley G2A-1C,2A1C14/ 2A1C15 HEAVY WATER LEAKAGE FROM BEHIMD THE CARTS,"AREA INSPECTED, NO LEAK FOUND, CONDENSATION SUSPECTED. OPS CHK IAW AMM  DMC-B787-A-25-32-00-28A-320A-A REV 152 DATE 31 AUG 2024.",80404490,Behind carts,Condensation,2024-10-15 12:51:08.984000,50.9019,4.4844,2024-10-15
A6-BLN,MXP,2024-10-13 16:15:23.730,A6-BLN002254-001,Galley G2A-1C,"WATER LEAK IN R2 GALLEY FOR TAKEOFF AND LANDING.
WATER FLOWS FROM BEHIND THE OVENS AND FRIDGES BOTH SIDE OF THE GALLEY.","LEAK TEST PERFORMED IAW AMM B787-A-25-31-00-01A-364A-A REV 050 / 31 OCT 2022.  
AREA CLEANED FROM RESIDUAL WATER. NO LEAKS OBSERVED.",80403080,Behind fridge,Nil Leak,2024-10-13 19:11:48.986000,45.63,8.7281,2024-10-13
A6-BLA,LHR,2024-10-13 08:04:03.417,A6-BLA001990-006,Galley G1F-1C,LARGE AMOUNT OF WATER FALLING WHEN ENGINE POWER IS APPLIED. FLOOR SOAKED. HAZARD IN CASE OF EVACUATION. ,"NO SIGN OF LEAKAGE, CHECK FOUND OK.PLS MONITOR AND REPORT FURTHER.
AREA CLEANED",80402931,Ice Drawer,Nil Leak,2024-10-13 15:33:48.160000,51.47002,-0.454295,2024-10-13
A6-BMA,AUH,2024-10-10 18:49:34.243,A6-BMA002368-001,Galley G1F-1C,WATER IS LEAKING FROM THE CONTAINER STOWAGE.,NIL WATER LEAKAGE NOTED ON INSPECTION AT G1F-1C03 AREA. SUSPECT CONDENSATION.,80400699,Behind carts,Condensation,2024-10-10 21:07:09.453000,24.426389,54.651389,2024-10-10
A6-BNB,AUH,2024-10-09 01:28:39.784,A6-BNB002601-006,Galley G1F-1C,ALOT OF WATER LEAKED DURING TAKE OFF FROM THE ICE DRAWER.,GALLEY ICE DRAWER DRAIN SYSTEM CLEANING PERFORMED IAW AMM DMC-B787-38-31-25-00A-258A-A REV153 SEP24 OPS SATIS,80399266,Ice Drawer,Ice Drawer cleaned,2024-10-09 08:38:25.269000,24.426389,54.651389,2024-10-09
A6-BLH,AUH,2024-10-08 14:12:04.357,A6-BLH002289-002,Galley G1F-1C,"BEFORE TAKE OFF @R1 WATER LEAKAGE FROM CART STOWAGE 1F1C13/14. 
","FWD GALLEY GALLEY CART STOWAGE COMPARTMENTS 1F1C13/14 CHECKED AND FOUND NO SIGN OF WATER LEAK.
FWD GALLEY INSPECTED FOR ANY WATER LEAK AND NO WATER LEAK FOUND.
SUSPECT CONDENSATION IN GALLEY CART STOWAGES.
ENTRY CLOSED.",80398884,Behind carts,Condensation,2024-10-08 15:57:11.914000,24.426389,54.651389,2024-10-08
A6-BLQ,AUH,2024-10-04 15:03:12.058,A6-BLQ002217-002,Galley G1F-1C,CHECK ICE BUILD UP INSIDE THE AIR CHILLERS RUBBERS AS THEY LEAK A LOT OF WATER FOR TAKE OFF AND LANDING,ICE / WATER REMOVED. NOW OK. ,80395648,Behind carts,Ice on chiller flaps,2024-10-04 16:54:18.630000,24.426389,54.651389,2024-10-04
A6-BLN,AUH,2024-10-01 13:14:43.166,A6-BLN002228-004,Galley G2A-1C,HEAVY WATER LEAKAGE THROUGHOUT THE FLIGHT BEHIND SERVICE CART AND BEHIND OVEN,WATER SHUTOFF VALVE NORMALISED. LEAK TEST PERFORMED IAW AMM B787-A-25-31-00-01A-364A-A REV 050 / 31 OCT 2022. NIL WATER LEAKAGE FOUND. ,80393333,Behind carts,Nil Leak,2024-10-02 21:23:51.991000,24.426389,54.651389,2024-10-01
A6-BLJ,FRA,2024-09-29 04:45:02.957,A6-BLJ002130-002,Galley G1A-1C,WATER LEAKING FROM UDERNEATH THE CARTS ON TAKEOFF AND LANDING,"INSPECTION PERFORMED, NO LEAK FOUND",80391221,Behind carts,Nil Leak,2024-09-29 05:28:46.291000,50.037933,8.562152,2024-09-29
A6-BLN,KUL,2024-09-22 09:20:31.552,A6-BLN002211-001,Galley G2F-1C,SIGNIFICANT AMOUNT OF WATER CAME FROM UNDERNEATH TRASH COMPACTOR.,"INSPECTED NIL ABNORMALITIES NOTED , AREA CLEANED AND NIL LEAK NOTED.",80385566,Behind carts,Nil Leak,2024-09-22 12:49:05.070000,2.745578,101.708944,2024-09-22
A6-BMB,AUH,2024-09-20 14:26:29.684,A6-BMB002297-001,Galley G1F-1C,LOTS OF WATER COMING FOR TAKE OFF AND LANDING FROM BELLOW ICE DRAWER.,G1F-1C-1F1C12-ICEDRAWER CLEAN IAW AMM 38-31-25-00A-258A REV 152 / 24 AUG 2024.,80384208,Ice Drawer,Ice Drawer cleaned,2024-09-20 20:34:11.361000,24.426389,54.651389,2024-09-20
A6-BNC,MAD,2024-09-20 05:57:04.106,A6-BNC002515-003,Galley G4A-1L,WATER WAS LEAKING THROUGH CONTAINERS ON LHS. WATER SHUT OFF VALVE HAS BEEN CLOSED.,"AFT GALLEY, ALL CONTAINER COMPARTMENTS, INSPECTED AFTER TURNING ON WATER SHUTOFF VALVE AND NO LEAK FOUND. ALSO ALL AREAS ARE DRY. UNABLE TO REPRODUCE FAILURE ON GROUND. PLEASE REPORT FURTHER.",80383747,Behind carts,Nil Leak,2024-09-20 07:28:33.301000,40.4936,-3.5676,2024-09-20
A6-BLZ,MXP,2024-09-19 03:00:21.192,A6-BLZ002496-003,Galley G2A-1C,"WATER LEAKNG BELOW SINK .BEHIND THE CART .
WATER COMING FROM CART.",GALLEY PORTABLE WATER LEAK TEST C/O IAW DMC-B787-A-25-31-00-01A-364A-A SATIS,80382890,Behind carts,Galley leak test,2024-09-19 07:01:34.553000,45.63,8.7281,2024-09-19
A6-BMG,LHR,2024-09-18 10:47:32.381,A6-BMG002324-001,Galley G4A-1R,R4 GALLEY RHS WATER SUPPLY SHUT OFF DUE TO LEAKAGE,"NO LEAK FOUND, ONLY ICE BUILD UP FROM THE REFREGIRATION PORT, SAME REMOVED. WATER SOV OPENED. NIL LEAK DETECTED.",80382271,Behind fridge,Ice on fridge port,2024-09-18 12:16:11.278000,51.47002,-0.454295,2024-09-18
A6-BMG,AMS,2024-09-17 16:01:40.299,A6-BMG002322-005,Galley G1F-1C,"ICE DRAWER LEAKING A LOT OF WATER IN FLIGHT, WHOLE GALLEY TOP GETS FLOODED. ",ICE DRAWER DRAIN SYSTEM CLEANED IAW AMM DMC-B-787-A-38-31-25-00A-258A-A REV.017/31.OCT.2022. TEST SATIS,80381610,Ice Drawer,Ice Drawer cleaned,Closed,52.308613,4.763889,2024-09-17
A6-BLN,AUH,2024-09-17 15:20:38.729,A6-BLN002202-001,Galley G2A-1C,"WATER LEAKING FROM BEHIND OVEN UING CRUISE AND TTL. SWITCHED OFF THE WATER SHUT OFF VALVE, STILL LEAKING",REF TO EATL 80381167,80381556,Behind Oven,Nil Leak,Closed,24.426389,54.651389,2024-09-17
A6-BLN,FRA,2024-09-17 05:19:17.514,A6-BLN002201-002,Galley G2F-1C,HEAVY WATER LEAKING AT FORWARD GALLEY R2,"BOTH OVEN NORMALIZED, AND GALLEY EQUIPMENT OPERATED,WHOLE GALLEY AREA INSPECTED FOR WATER LEAK, NIL LEAK OBSERVED, BOTH OVEN OPS CHECK OK IAW AMM DMC-B787-A-25-32-00-10A-520A/720A-A REV 152 / 31-AUG-2024.DDL CLOSED",80381169,Behind Oven,Nil Leak,Closed,50.037933,8.562152,2024-09-17
A6-BLZ,KUL,2024-09-13 12:07:43.719,A6-BLZ002480-001,Galley G2F-1C,EXCESSIVE WATER IN THE R2 GALLEY FLOOR COMING FROM BEHIND CARTS CONTAINERS..IT WENT TO THE CABIN,"GALLEY AREA INSPECTED NIL ABNORMALITIES OBSERVED, CREW CONFIRMED IT HAPPENED DURING DESCENT ONLY, SUSPECT CONDENSATION FROM CHILLER ICING IN GALLEY CART AREA.",80377917,Behind carts,Condensation,Closed,2.745578,101.708944,2024-09-13
A6-BLB,AUH,2024-09-11 13:09:33.268,A6-BLB001888-003,Galley G1F-1C,"WATER LEAKAGE WAS OBSERVED 
SOURCE :ICE DRAWER ",FOUND DRAIN BLOCKED WITH DUST. DRAIN CLEARED. FOUND SATISFACTORY,80376088,Ice Drawer,Ice Drawer drain clogged,Closed,24.426389,54.651389,2024-09-11
A6-BNA,CPH,2024-09-11 02:36:34.125,A6-BNA002503-001,Galley G2A-1C,WATER LEAKING BY THE FRIDGE IN R2 GALLEY INFLIGHT.,AREA CLEANED. UNABLE TO RECALL LEAK ON GND. ,80375863,Behind fridge,Nil Leak,Closed,55.618,12.6556,2024-09-11
A6-BMG,AUH,2024-09-09 02:40:16.606,A6-BMG002305-001,Galley G4A-1R,4A1R16 STOWAGE CHILLER IS NOT WORKING PROPERLY. WATER ACCUMULATING ON THE FLOOR.,ON INSP ICE & WATER FORMATION FOUND IN ALL COOLING AIR OUTLETS . WATER ND ICE CLEANED. NLW OK. ,80373983,Behind carts,Ice on chiller flaps,Closed,24.426389,54.651389,2024-09-09
A6-BLE,JFK,2024-09-05 20:59:07.100,A6-BLE001994-004,Galley G4A-1R,WATER LEAKAGE,BLOCKAGE REMOVED. DRAINCLEAR,80371298,Ice Drawer,Ice Drawer drain clogged,Closed,40.6413,-73.7781,2024-09-05
A6-BNB,AUH,2024-09-05 15:40:25.835,A6-BNB002514-002,Galley G2F-1C,WATER LEAKING FROM BEHIND THE CARTS AND FROM THE ABOVE CONTAINERS FOR TAKE OFF AND ON TOD,FWD AND MID GALLEY INSPECTION C/O NO SIGN OF WATER LEAKS FOUND . SATIS.,80371139,Behind carts,Nil Leak,2024-09-05 21:21:26,24.426389,54.651389,2024-09-05
A6-BLC,LHR,2024-09-05 14:44:51.017,A6-BLC001987-006,Galley G1F-1C,LOTS OF WATER COMING FROM IT DURING TAKEOFF AND LANDING,"ICE DRAWER DRAIN FOUND BLOCKED, BLOCKAGE REMOVED ALL DRAIN NOW OPS NORMAL.",80370994,Ice Drawer,Ice Drawer drain clogged,Closed,51.47002,-0.454295,2024-09-05
A6-BLC,LHR,2024-09-05 10:41:37.094,A6-BLC001987-004,Galley G2F-1C,WATER COMING FROM BELLOW THE FRIDGE DURING CRUISE.,"AREA CLEANED INCLUDING DRAINS, SUSPECT DUE PREVIOUS SPILLAGE.",80370983,Behind fridge,Nil Leak,Closed,51.47002,-0.454295,2024-09-05
A6-BLF,AUH,2024-09-03 07:47:28.130,A6-BLF002164-003,Galley G4A-1R,"WATER LEAKS ONTHE FLOOR AREA. SOURCE IS NOT FOUND,BUT ITS COMING FROM BEHIND THE CART STOWAGES",REMOVED ICE BLOCKS INSIDE GALLEY CHILLER AIR VENTS IAW CMM 25-30-111 REV 1 / 28 NOV 2019,80369098,Behind carts,Ice on chiller flaps,Closed,24.426389,54.651389,2024-09-03
A6-BLN,KUL,2024-09-01 21:53:33.471,A6-BLN002169-002,Galley G2F-1C,WATER LEAKING FROM BEHIND THE CARTS. BOTH SIDES OF THE GALLEY. CARPET AT ROW 15 IS WET. GALLEY WATER IS SHUT OFF.,BLOCKAGE CLEARED AND GWDU OPS NORMAL. ICE BOX TRAY DRY..,80367990,Ice Drawer,Ice Drawer drain clogged,Closed,2.745578,101.708944,2024-09-01
A6-BMD,AUH,2024-08-26 00:35:02.900,A6-BMD002300-001,Galley G2A-1C,"GALLEY -WATER DRIPPING DURING DESCENT,

AT THE BEVERAGE AREA",AREA CLEANED NIL WATER LEAK OBSERVED. SUSPECTED CONDENSATION.,80361899,Behind hot beverage machine,Nil Leak,Closed,24.426389,54.651389,2024-08-26
A6-BLB,AUH,2024-08-20 00:55:38.332,A6-BLB001846-001,Galley G1F-1C,LOTS OF WATER COMING FROM THE ICE DRAWER DURING TAKEOFF AND LANDING.,ICE DRAWER DRAIN CLEARED. NOW SATIS.,80356912,Ice Drawer,Ice Drawer drain clogged,Closed,24.426389,54.651389,2024-08-20
A6-BLL,AUH,2024-08-11 22:29:58.112,A6-BLL002083-004,Galley G1F-1C,"DURING INITIAL CLIMB, WE HAD WATER FLOWING FROM THE GALLEY TOP, NEXT TO ICE DRAWER AND SINK DRAINAGE.","ON ARRIVAL WHOLE R1 GALLEY CHECKED FLUND NIL WATER LEAK.SUSPECTED WATER FROM CONDENSATION ,DUE TO GALLEY CHILLERS OPERATIONS.",80350349,Ice Drawer,Nil Leak,Closed,24.426389,54.651389,2024-08-11
A6-BLI,DPS,2024-08-07 03:50:54.802,A6-BLI002093-002,Galley G2A-1C,WATER LEAKING FROM GALLEY TOWARDS CABIN.,GALLEY-GENERAL VISUAL INSPECTION C/OUT -RESULT NO LEAK FOUND IAW AMM DMC -B787-A-25-31-00-02A-311A-A,80346119,Behind carts,Nil Leak,Closed,-8.7482,115.167,2024-08-07
A6-BMH,MNL,2024-08-02 13:59:12.513,A6-BMH002191-002,Galley G4A-1R,WATER LEAK AT TOP OF DESCENT. COMING FROM R4 CART STOWAGE.,CLEANED AND REMOVED WATER ACCUMULATION. NIL LEAK FOUND.,80342264,Behind carts,Nil Leak,Closed,14.5086,121.0198,2024-08-02
A6-BLT,AUH,2024-07-29 18:32:57.507,A6-BLT002021-004,Galley G4A-1R,"WATER GUSHED OUT FROM UNDER THE CARTS IN R4 GALLEY DURING LANDING.
",R4 GALLEY INSPECTED FOR ANY WATER LEAKS AND NIL LEAKS NOTED. SUSPECT WATER FROM THE FOOD CART.,80339121,Behind carts,Condensation,Closed,24.426389,54.651389,2024-07-29
A6-BLH,AUH,2024-07-29 07:39:46.450,A6-BLH002138-001,Galley G1F-1C,"WATER LEAKAGE GALLEY TOP AREA.
SOURCE UNIDENTIFIED.
","GALLEY 1 AREA CLEANED INSPECTION PERFORMED NIL LEAK FOUND , SUSPECTED RH VACUUM BLOWER INOP REF TO WO 80338758",80338725,Ice Drawer,Nil Leak,Closed,24.426389,54.651389,2024-07-29
A6-BMB,KHI,2024-07-25 21:31:43.139,A6-BMB002231-001,Galley G1A-1C,WATER COMING FROM G1A-1C  CARTS STORAGE AREA DURING LANDING.,AREA CLEANED AND INSPECTION C/O. NIL EVIDENCE OF ANY WATER LEAKAGE. SUSPECTED CONDENSATION.,80335791,Behind carts,Condensation,Closed,24.8997,67.1606,2024-07-25
A6-BLH,AUH,2024-07-23 19:38:07.750,A6-BLH002128-001,Galley G2F-1C,"DURING DESCEDING, R2 & R4 GALLEY FULL OF WATER"," R2&R4 AREA CLEANED AND INSPECTED NIL LEAK OBSERVED IN BOTH GALLEY ,  SUSPECTED WATER CONDENSATION FOOD CARD ",80334107,Behind carts,Condensation,Closed,24.426389,54.651389,2024-07-23
A6-BLH,AUH,2024-07-23 19:38:07.750,A6-BLH002128-001,Galley G4A-1R,"DURING DESCEDING, R2 & R4 GALLEY FULL OF WATER"," R2&R4 AREA CLEANED AND INSPECTED NIL LEAK OBSERVED IN BOTH GALLEY ,  SUSPECTED WATER CONDENSATION FOOD CARD ",80334107,Behind carts,Condensation,Closed,24.426389,54.651389,2024-07-23
A6-BLE,AUH,2024-07-21 14:05:58.142,A6-BLE001900-003,Galley G1F-1C,THE WATER DOES NOT DRAIN FROM UNDER THE DRAWER. WATER LEAKED INTO THE CABIN FLOOR FOR TAKE OFF. ,ICE DRAWER 2A1C11 WATER CLOG CLEARED IAW AMM B787-A-38-31-21-04A-280A-A REV 143 DTD NOV 23,80332169,Ice Drawer,Ice Drawer drain clogged,Closed,24.426389,54.651389,2024-07-21
A6-BLJ,AUH,2024-07-16 02:43:56.613,A6-BLJ001973-003,Galley G1A-1C,WATER LEAKAGE AT FLOOR LEVEL AT CART STOWGE 1A1C10,"INSPECTION C/OUT , NIL LEAK FOUND",80327735,Behind carts,Nil Leak,Closed,24.426389,54.651389,2024-07-16
A6-BMH,AUH,2024-07-15 18:34:39.673,A6-BMH002148-001,Galley G1F-1C,LEAKING EVERYTIME IT IS OPENED. WATER KEEPS ACCUMULATING INSIDE THE DRAWER WHEN THE ICE MELTS.,"C/OUT INSPECTION THERE IS NO LEAK,FOUND SATIS!",80327543,Ice Drawer,Nil Leak,Closed,24.426389,54.651389,2024-07-15
A6-BMD,BKK,2024-07-11 17:45:20.414,A6-BMD002197-003,Galley G1A-1C,R1 GALLEY FLOODING WATER DURING TAKE OFF.,"PERFORMED FWD GALLEY INSPECTION IAW AMM DMC-B787-A-25-31-00-02A-311A-A, REV.150 (30JUN2024), NO SIGN OF WATER LEAKING. PLEASE, OBSERVE FURTHER.",80324291,Behind carts,Nil Leak,Closed,13.6931,100.7512,2024-07-11
A6-BLQ,AUH,2024-07-09 19:20:37.571,A6-BLQ002052-001,Galley G4A-1R,LOT OF WATER LEAKAGE DURI GTAKE OFF SND LANDING FROM BEHIND THE CARTS. ,INSPECTION CARRIED OUT AND AREA BEHIND CARTS CLEANED .FOUND SATIS. IAW AMM DMC-B787A-25-32-00-27A-32A-A REV147 31MAR2024.NIL LEAKS.,80322850,Behind carts,Nil Leak,Closed,24.426389,54.651389,2024-07-09
A6-BLP,LIS,2024-07-09 06:43:26.674,A6-BLP001988-004,Galley G1F-1C,WATER LEACKAGE DURING TAKE OFF AND LANDING.,"AREA INSPECTED WITH NO LEAKS FOUND, CLEANED OK.",80322395,Behind carts,Nil Leak,Closed,38.7741,-9.1349,2024-07-09
A6-BMJ,VIE,2024-07-09 04:50:02.672,A6-BMJ000587-003,Galley G4A-1C,WATER LEAKING BEHIND ALL THE STOWAGE COMPARTMENT ,CLEAND AREA ON GRD FOUND NO LEAK,80322452,Behind carts,Nil Leak,Closed,48.1103,16.5697,2024-07-09
A6-BLC,AUH,2024-07-04 15:09:35.255,A6-BLC001863-003,Galley G1F-1C,WATER IS LEAKING HEAVILY FROM ICE DRAWER IS R1 GALLEY,GALLEY ICE DRAWER DRAIN CLEANED IAW AMM B787-A-38-31-25-00A-258A-A REV 017/ 31OCT22,80318931,Ice Drawer,Ice Drawer cleaned,Closed,24.426389,54.651389,2024-07-04
A6-BLB,AUH,2024-07-04 13:20:43.371,A6-BLB001753-002,Galley G4A-1C,R4 GALLEY WATER LEAKAGE. WATER SHUT OFF VALVE WAS CLOSED.,"R4 GALLEY AREA CHECKED,NIL WATER LEAK FOUND,WATER SHUT OFF VALVE NORMALISED AND ALL GALLEY CHECKED FOUND NIL WATER LEAK.SUSPECTED WATER FROM GALLEY CHILLER DUE TO CONDENSATION.",80318851,Behind carts,Condensation,Closed,24.426389,54.651389,2024-07-04
A6-BMB,AUH,2024-07-02 20:14:32.377,A6-BMB002171-003,Galley G1A-1C,R1 GALLEY HAS WATER COMING OUT OF THE GALLEY DURING TAKE OFF,AREA CHECKED NO WATER LEAK FOUND. ,80317662,Behind carts,Nil Leak,Closed,24.426389,54.651389,2024-07-02
A6-BLZ,AUH,2024-06-30 15:17:25.156,A6-BLZ002289-002,Galley G1F-1C,WATER LEAKING FROM UNDERNEATHBTHE CARTS ON TAKE OFF AND LANDING,R1 & R2 GALLEY INSPECTED NIL POTABLE WATER LEAK.SUSPECT ICING MELTED FROM AIR CHILLER INLET.,80315937,Behind carts,Ice on chiller flaps,Closed,24.426389,54.651389,2024-06-30
A6-BLK,AUH,2024-06-17 15:45:09.633,A6-BLK002038-003,Galley G4A-1C,WATER LEAKING FROM GALLEY TOP AND FLOOR LEVEL FOR TAKE OFF & LANDING,CARRIED OUT INSPECTION REMOVED ICE AND FOUND NO WATER LEAK ,80306369,Behind carts,Ice on chiller flaps,Closed,24.426389,54.651389,2024-06-17
A6-BLK,AUH,2024-06-17 15:40:47.607,A6-BLK002038-002,Galley G2A-1C,WATER SEEPING INTO CABIN ON THE FLOOR.,CARRIED OUT INSPECTION AND REMOVED ICE NO WATER LEAK .NOW SATIS ,80306368,Behind carts,Ice on chiller flaps,Closed,24.426389,54.651389,2024-06-17
A6-BLB,LHR,2024-06-15 14:29:38.320,A6-BLB001720-005,Galley G1F-1C,THERE IS SLIGHT LEAKAGE OF WATER WHEN LANDING,LEAK CHECK CARRIED OUT GALLEY 1 NIL LEAKS FOUND - SATIS,80304760,Behind carts,Nil Leak,Closed,51.47002,-0.454295,2024-06-15
A6-BNB,AUH,2024-06-14 20:35:04.297,A6-BNB002303-002,Galley G1A-1C,AT TOP OF DECENT THE WATER WAS COMING FROM BEHIND THE CARTS ON BOTH SIDES AT R1GALLEY,INSPECTED AND FLUND ICE ON GALLEY COOLING OUTLET. SAME CLEANED. NIL WATER LEAKS NOTED FURTHER,80304319,Behind carts,Ice on chiller flaps,Closed,24.426389,54.651389,2024-06-14
A6-BMA,BKK,2024-06-09 10:12:59.697,A6-BMA002149-001,Galley G1F-1C,WATER LEAKING FOR TTL.,ICE DRAWER FUNCTION CHECK PEREFORMED. NO SIGN OF LEAK.,80300628,Ice Drawer,Nil Leak,Closed,13.6931,100.7512,2024-06-09
A6-BLN,MAD,2024-06-09 06:51:49.116,A6-BLN001986-002,Galley G2A-IC,WATER LEAKAGE FROM COMPARTMENT NO-2A1C14,CHECKED GALLEY 2 FOR LEAKS. CLEANED AND LEAK NOT NOTICED,80300514,Behind carts,Nil Leak,Closed,40.4936,-3.5676,2024-06-09
A6-BLK,AUH,2024-05-30 19:18:20.630,A6-BLK001994-002,Galley G1A-1C,WATER LEAK FROM THE TRASH COMPACTOR AREA ,"TRASH COMPACTOR REMOVED AND INSPECTED AREA BEHIND TRASH COMPACTOR FOR WATER LEAKS FROM DRAIN/SUPPLY LINES, NIL LEAKS OBSERVED, SUSPECTED WATER LEAKED FROM TRASH (WATER BOTTLES) AFTER OPERATION TRASH COMPACTOR.OPS TEST OF TRASH COMPACTOR C/O IAW DMC-B787-A-25-32-00-31A-320A-A REV148 30 APR 24.TEST OK. NIL WATER LEAKS ON GROUND",80294236,Behind carts,Nil Leak,Closed,24.426389,54.651389,2024-05-30
A6-BNB,AUH,2024-05-29 15:37:07.865,A6-BNB002267-003,Galley G1A-1C,WATER LEAKING FROM BEHIND CARTS DURING TAKE-OFF/LANDING. ,NO WATER LEAKING FOUND UNDER THE GALLEY COMP. SUSPECT CONDENSATION.,80293438,Behind carts,Condensation,Closed,24.426389,54.651389,2024-05-29
A6-BLI,AUH,2024-05-29 11:00:59.524,A6-BLI001940-002,Galley G2A-1C,"A HUGE QUANTITY OF WATER WAS NOTICED DURING TAK OFF COMING FROM THE MID GALLEY BULKHEAD TOWARD THE CABIN . AND ALSO FROM UNDERNEATH THE CARPET .
PS: GALLEY CHECKED , HOWEVER EVERYTHING WAS DRY. COULD NOT ALLOCAT THE LEAKAGE","ICE DRAWER DRAIN CLEANED AND GALLEY REFRIGERATION OUTLETS FOUND WITH ICE SAME. CLEANED, NIL OTHER WATER LEAKS NOTED FROM GALLEY. ",80293484,Behind carts,Ice on chiller flaps,Closed,24.426389,54.651389,2024-05-29
A6-BLN,BCN,2024-05-21 05:17:47.936,A6-BLN001947-002,Galley G1A-1C,R1 GALLEY WATER LEAKING FROM BEHIND THE TRASH COMPACTOR,"INSPECTION OF R1 GALLEY GWIV CARRIED OUT IAW AMM DMC-B787-A-38-31-21-04A-280A-A REV148 30APR2024 FOUND OVERFLOW HOSE LOOSE SAME TIGHTEN, OPS CHECK CARRIED OUT NO WATER LEAK OBSERVED. DDL CLOSED. ",80287667,Behind carts,Overflow hose loose,Closed,41.2973,2.0783,2024-05-21
A6-BMC,AUH,2024-05-20 15:47:01.632,A6-BMC001967-007,Galley G4A-1L,WATER LEAKAGE INFLIGHT.,"INSPECTED AFT GALLEY FOR WATER LEAKS ,NIL LEAKS OBSERVED,IAW AMM DMC B787-A-25-31-00-02A-311A-A,REV 146/01MAR24.",80287293,Behind carts,Nil Leak,Closed,24.426389,54.651389,2024-05-20
A6-BLR,LIS,2024-05-19 07:19:04.986,A6-BLR001957-002,Galley G1A-1C,1A1C07 GALLEY DRAWER IS LEAKING WATER.,"1A1C07 COMPARTMENT CHECKED FOR LEACKS, NIL FINDINGS, SATIS",80286408,Behind carts,Nil Leak,Closed,38.7741,-9.1349,2024-05-19
A6-BMI,AUH,2024-05-11 07:58:45.815,A6-BMI002086-003,Galley G4A-1R,WATER LEAKING. WATER SHUT OFF VALVE TURNED AS A LOT WATER.,ICE FORMED AT GALLEY COOLING AIR  OUTLETS . ICE REMOVED. AREA CLEANED. WATER SHUT OFF VALVE NORMALISED. NIL WATER LEAKAGE. ,80281112,Behind carts,Ice on chiller flaps,Closed,24.426389,54.651389,2024-05-11
A6-BMB,AUH,2024-04-28 20:18:53.880,A6-BMB002030-004,Galley G1F-1C,WATER LEAKAGE WAS OBSERVED COMING OUT FROM THE CARTS STOWAGE DURING TO AND LANDING,"FOUND ICE AND WATER CONDENSATION ON GALLEY TO CARTS AIR COOLING DUCTS, SAME REMOVE AND CLEANED, FOUND SATIS WITH NIL LEAKS",80273108,Behind carts,Ice on chiller flaps,Closed,24.426389,54.651389,2024-04-28
A6-BLF,AUH,2024-04-24 02:36:50.728,A6-BLF001887-003,Galley G2F-1C,2F1C12 CART CHILLER VALVE IS MISSING AND WATER IS FLOWING DURING DESCENT ,2F1C12 CART REPLACED BY CATERING STAFF. AND WATER CLEANED. ,80270032,Behind carts,Ice on chiller flaps,Closed,24.426389,54.651389,2024-04-24
A6-BLF,BCN,2024-04-10 17:45:00.999,A6-BLF001855-003,Galley G4A-1R,"WATER FLOWS FROM BEHIND THE CART IN R4 GALLEY DURING DECENT , STOPS AFTER LANDING. ","FOUND ALL GALLEY EXTRACT AIR PORTS RED RUBBER FULL OF WATER DUE TO CONDENSATION, WATER REMOVED FROM ALL EXTRACT PORTS. ON FUTHER LEAK OBSERVED",80261744,Behind carts,Condensation,Closed,41.2973,2.0783,2024-04-10
A6-BLP,AUH,2024-04-06 01:18:07.294,A6-BLP001787-002,Galley G4A-1C,WATER IS FLOWING ON THE FLOOR DURING DESCENDING.,INSPECTION PERFORMED ON THE GALLEY CHILLERS VENTS AND AREAS  NIL WATER LEAK WATER LEAK OBSERVED.,80258934,Behind carts,Nil Leak,Closed,24.426389,54.651389,2024-04-06
A6-BLP,AUH,2024-04-06 01:15:50.047,A6-BLP001787-001,Galley G1A-1C,WATER FLOWING ON THE FLOOR WHILE DESCENDING.,INSPECTION PERFORMED ON THE GALLEY CHILLERS VENTS AND AREAS  NIL WATER LEAK OBSERVED.,80258933,Behind carts,Nil Leak,Closed,24.426389,54.651389,2024-04-06
A6-BLO,MEL,2024-03-29 18:36:07.889,A6-BLO001817-002,Galley G2A-1C,"WATER LEAKAGE WAS OBSERVED INFLIGHT, WATER WENT TO THE CABIN.
SWITCHED OFF WATER SHUT OFF VALVE. IT STOPPED.",WATER REACTIVATED. UNABLE TO FAULT. SUSPECT WATER FROM BOTTLE IN WASTE CONTAINER. PLS REPORT IF ANY FURTHER.,80254685,Behind carts,Nil Leak,Closed,-37.6733,144.8434,2024-03-29
A6-BMB,HKT,2024-03-24 10:53:23.787,A6-BMB001952-001,Galley G1A-1C,R1 GALLEY LEAKING WATER FROM  BEHIND CARTS 1A1C10/09,WATER MAY BE LEAK FROM THE CARTS AND REMOVED CARTS TO INSP NO SIGN OF WATER LEAKAGE. FLOOR CLEANED AND CHG NEW CARTS FROM CATERING. PLS MONITOR .,80251523,Behind carts,Nil Leak,Closed,8.1134,98.3175,2024-03-24
A6-BMA,AUH,2024-03-23 18:08:27.598,A6-BMA001967-003,Galley G2A-1C,WATER LEAK OBSERVED FROM THE AFT PART OF THE TROLLEY BAY DURING DESCENT. ,WATER LEAK CHK C/O NIL LEAK FOUND AT AFT GALLEY IAW AMM B787-A-25-32-00-00A-320A-A REV 146/01MAR24,80251057,Behind carts,Nil Leak,Closed,24.426389,54.651389,2024-03-23
A6-BLU,AUH,2024-03-22 06:08:15.418,A6-BLU001910-003,Galley G1A-1C,WATER LEAKING  ON THE GALLEY TOP ,PERFORMED GRAY WATER DRAIN SYSTEM GWIV BLOCKAGE CLEANING IAW DMC-B787-A-38-31-00-01A-288A-A REV 111/ 29  FEBRUARY 2824 AND FOUND SATISFACTOTY.,80250215,Ice Drawer,Nil Leak,Closed,24.426389,54.651389,2024-03-22
A6-BLQ,AUH,2024-03-19 12:14:20.252,A6-BLQ001805-001,Galley G2F-1C,"ON TAKE OFF WATER LEAKED FROM FLOORING AREA OF THE GALLEY TO MIDDLE ROW 15DEG YC
CARPET GOT SOACKED WITH WATER, WET AREA GOT LARGER DURING FLIGHT.
AFTER 2HRS WATER SHUT OFF VALVE WAS TURNED OFF.",FOUND R2 GALLEY REFRIGERATION OUTLET VENTS FLAPPER STUCK WITH ICE AND EXTRA ICE FORMATIONS AND FILLED WITH WATER NOTICED. IN R2 GALLEY AFT SIDE  QTY 3 FLAPPERS. SAME REMOVED CLEANED AND INSTALLED BACK IAW CMM 25-30-108 REV . NO OTHER WATER LEAKS NOTED FROM R2 GALLEY POTABLE WATER LINES AND SINK DRAIN LINES. ,80248541,Behind carts,Ice on chiller flaps ,Closed,24.426389,54.651389,2024-03-19
A6-BLR,MAD,2024-03-11 05:15:47.264,A6-BLR001815-002,Galley G4A-1R,WATER FLOODED IN THD GALLEY DURING TAXIING ,INSPECTION PERFORMED AND NOT FOUND ANY EVIDENCE OF WATER LEAKS,80243559,Behind carts,Nil Leak,Closed,40.4936,-3.5676,2024-03-11
A6-BNB,MLE,2024-03-09 23:38:17.109,A6-BNB002075-002,Galley G4A-1R,R4 GALLEY HAD WATER LEAKAGE DURING DESCENT.,R4 GALLEY EQUIPMENT TESTED AND NIL LEAKS FOUND AMM 25-32-00 REV 124  . A LARGE CHUNK OF ICE FOUND AND REMOVED FROM BEHIND TROLLEYS AND AREA CLEANED,80242790,Behind carts,Ice on chiller flaps,Closed,4.1915,73.5242,2024-03-09
A6-BNF,AUH,2024-03-03 20:39:44.453,A6-BNF000021-002,Galley G4A-1C,WATER LEAKAGE FROM THESE COMPARTMENTS FOR TAKE OFF AND LANDING IN LARGE QUANTITY,"AFT GALLEY AREA INSPECTED NIL WATER LEAK OBSERVED, FOUND WATER FROM FOOD CART LEAK , AREA CLEANED NIL FINDING ",80239021,Behind carts,Condensation,Closed,24.426389,54.651389,2024-03-03
A6-BMA,AUH,2024-02-29 23:29:37.290,A6-BMA001916-003,Galley G4A-1R,FOR TAKE OFF AND LANDING THERE IS WATER COMING OUT FROM CART STOWAGE 4A1R14,"AFT GALLEY STOWAGE 4A1R14 AREA INSPECTED NIL LEAK FOUND, HOWEVER FOUND WATER CONDENSATION FROM FOOD CART, AREA CLEANED ALL NORMAL ",80237282,Behind carts,Condensation,Closed,24.426389,54.651389,2024-02-29
A6-BLR,JFK,2024-02-27 20:34:14.261,A6-BLR001792-001,Galley G4A-1C,"G4A1C GA,LEY WATER LEAKAGE FFOM BEHIND THE CARTS AT TOP OF DESCENT",RESET PERFORMED. CHECK OK,80235950,Behind carts,Galley leak test,Closed,40.6413,-73.7781,2024-02-27
A6-BNF,MXP,2024-02-27 06:00:15.121,A6-BNF000008-002,Galley G4A-1R,AFTER LANDING WATER COMING UNDER CARTS FROM CHILLERS IN R4,PERFORMED INSPECTION UNDER CARTS FROM CHILLER R4 IAW STANDARD PRACTICES SATISFY NO WATER LEAKS DETECTED,80235592,Behind carts,Nil Leak,Closed,45.63,8.7281,2024-02-27
A6-BNF,AUH,2024-02-26 19:07:56.042,A6-BNF000007-001,Galley G2F-1C,WATER DROPLETS FALLING  FROM BEHIND THE CONTAINER ,NIL WATER DROPLET OBSERVED ON GROUND. SUSPECTED CONDENSATION DURING FLIGHT. ,80235370,Behind carts,Nil Leak,Closed,24.426389,54.651389,2024-02-26
A6-BLH,KUL,2024-02-19 11:01:26.426,A6-BLH001798-004,Galley G4A-1R,LOTS OF WATER LEAKING AT FLOOR LEVEL  BUT DONT KNOW WHERE EXACTLY,AREA CLEANED. SUSPECT FROM CHILLER CONDENSATION,80230831,Behind carts,Condensation,2024-02-19 12:05:28.713000,2.745578,101.708944,2024-02-19
A6-BNB,FRA,2024-02-17 17:28:47.259,A6-BNB002019-002,Galley G1A-1C,"WATER RUNS IN THE GALLEY FLOOR DURING LANDING AND TAKE OFF. 
GWIF WAS USED BUT STILLTHE SAME.","RESET CARRIED OUT AND CHECKED, OPS NORMAL ON GROUND",80229698,Behind carts,Galley leak test,2024-02-17 18:44:18.135000,50.037933,8.562152,2024-02-17
A6-BLR,MLE,2024-02-15 23:45:40.148,A6-BLR001765-002,Galley G4A-1C,4A1C15 WATER LEAKING.,NO LEAK FOUND. WATER FORMED DUE TO ICE FORMATION IN CHILLER,80228685,Behind carts,Ice on chiller flaps,2024-02-16 02:38:09.797000,4.1915,73.5242,2024-02-15
A6-BNC,AUH,2024-02-03 18:39:59.572,A6-BNC001965-003,Galley G1F-1C,WATER CAME OUT OF THE DRAWER DURING TAKE OFF. ,CLEANED ICE RESIDUAL NO LEAKS CHECKED,80221236,Ice Drawer,Ice Drawer drain clogged,2024-02-03 21:35:27.149000,24.426389,54.651389,2024-02-03
A6-BLD,AUH,2024-01-28 15:14:58.162,A6-BLD001604-003,Galley G1F-1C,WATER RUNNING CONTINUOUSLY FROM UNDER,R1 ICE DRAWER DRAIN FOUND CLOGGED .SAME CLEANED. NOW SATIS.NIL LEAKS.,80217405,Ice Drawer,Ice Drawer drain clogged,2024-01-28 16:21:02.820000,24.426389,54.651389,2024-01-28
A6-BLK,MNL,2024-01-27 12:24:01.424,A6-BLK001725-001,Galley G4A-1C,WATER LEAKAGE FROM THE GALLEY,"CLEANED AND REMOVED WATER RESIDUAL ON R4 CENTER GALLEY. CHECK ON GROUND, NIL LEAK FOUND. ",80216722,Behind carts,Nil Leak,2024-01-27 14:26:11.351000,14.5086,121.0198,2024-01-27
A6-BLZ,AMS,2024-01-21 18:01:43.923,A6-BLZ001942-002,Galley G1F-1C,WATER POURING OFF DURING TAKE OFF FROM ICE DRAWER R1 GALLEY,"CLEANED DRAWER ACC DMC38-31-25-00A RE87
",80213049,Ice Drawer,Ice Drawer cleaned,2024-01-21 19:28:11.109000,52.308613,4.763889,2024-01-21
A6-BLR,JNB,2023-12-31 06:08:11.787,A6-BLR001669-002,Galley G4A-1C,HEAVY FLOW OF WATER COMING FROM CART STOWAGE AT G4A-1C-4A1C20 ON TOP OF DESCENT,"AREA CHECKED , FOUND WATER CAME FROM GCU CONDENSATION , AREA CLEANED AND DRIED OUT .",80199779,Behind carts,Condensation,2023-12-31 07:14:59.344000,-26.1392,28.2468,2023-12-31
A6-BLY,NRT,2023-12-31 00:37:39.321,A6-BLY001720-001,Galley G2F-1C,WATER FLOW WENT OFF AFTER TAKE OFF IN R2 GALLEY,R2 GALLEY AREA INSPECTED.NIL WATER LEAK FOUND.,80199694,Behind carts,Nil Leak,2023-12-31 03:48:33.649000,35.7721,140.3929,2023-12-31
A6-BLP,AUH,2023-12-30 17:59:14.437,A6-BLP001597-003,Galley G2F-1C,2F1C13 STOWAGE ONCE CART IS OUT WATER SPRINCLES WITH AIR FROM THE CHILLER,"2F1C13 GALLEY FOUND WITH WATER CONDINSATION, SAME CLEANED WITH NO SIGNS OF WATER LEAK IAW AMM 25-31-00-01A-364A-A REV 50/ OCT 2022",80199506,Behind carts,Condensation,2023-12-30 20:40:21.417000,24.426389,54.651389,2023-12-30
A6-BLE,GVA,2023-12-28 06:09:03.163,A6-BLE001548-006,Galley G2A-1C,ACCUMULATES WATER AS THE ICE DRAWER SINK IS BLOCKED,CARRIED OUT REWORK OF THE STRAINER I.A.W CMM 25-37-56 REV 07 DATED 03 JUL 2023.,80198025,Ice Drawer,Ice Drawer drain clogged,2024-04-17 12:40:29.029000,46.2381,6.1081,2023-12-28
A6-BMB,MNL,2023-12-24 07:01:30.613,A6-BMB001742-001,Galley G1F-1C,RECURRING WATER LEAKAGE IN R1 GALLEY UNDER ICE DRAWER LEAKING INTO THE CARTS,CLEANED R1 GALLEY.NIL LEAK FOUND.NORMAL,80195806,Ice Drawer,Nil Leak,2023-12-24 14:13:57.397000,14.5086,121.0198,2023-12-24
A6-BMB,AUH,2023-12-15 15:35:37.565,A6-BMB001721-004,Galley G1F-1C,ESTIMATE 1L WATER LEAKED FROM ICE DRAWER TO GALLEY FLOOR DURING TAKE OFF,FOUND THE DRAIN BLOCKED SAME CLEANED IAW AMM 38-31-25-00A-258A REV 143/30NOV23,80190646,Ice Drawer,Ice Drawer drain clogged,2023-12-15 16:46:44.951000,24.426389,54.651389,2023-12-15
A6-BMA,MAN,2023-12-11 06:52:02.369,A6-BMA001739-001,Galley G4A-1C,"MAJOR WATER LEAK UPON LANDING, A LOT OF WATER GUSHED TOWARDS THE CARPET.",REAR GALLEY ICE CLEANED AND WATER DRAINED,80188556,Behind carts,Ice on chiller flaps,2023-12-11 07:31:20.905000,53.365,-2.2722,2023-12-11
A6-BLT,AUH,2023-12-09 02:10:57.654,A6-BLT001605-003,Galley G4A-1L,WATER LEAKAGE FROM THE ICE DRAWER,CLEANED AND UNBLOCK C/OUT IAW AMM DMC-B787-A-38-31-25-00A-258A-A REV 017/31 OCT 2022 OPS CHECK FOUND SATIS.,80187517,Ice Drawer,Ice Drawer drain clogged,2023-12-09 05:16:47.060000,24.426389,54.651389,2023-12-09
A6-BMB,AMS,2023-11-30 02:10:58.000,,Galley G1F-1C,WATER LEAKAGE FROM BEHIND 2 CARTS STOWAGE NUMBER 1F1C13 AND 1F1C14 DURING TAXI AND BEFORE DEPARTURE IT STOPPED AFTER TAKE OFF.,NOTED. KLM 38964,23284961,Behind carts,Nil Leak,2023-12-10 05:16:47.060000,52.308613,4.763889,2023-11-30
A6-BLC,AUH,2023-11-29 02:10:58.000,,Galley G2A-1C,R2 GALLEY HAS WATER LEAKAGE ALL OVER DURING DECENDING,R2 GALLEY WATER LEAK TEST C/O IAW AMM 25-31-00-01A-364A REV.147/ 31 OCT 2023 NO LEAK FOUND,23154231,Behind carts,Nil Leak,2023-11-27 05:16:46.995000,24.426389,54.651389,2023-11-29
A6-BLC,IAD,2023-11-28 02:10:58.000,,Galley G2A-1C,R2 GALLEY WATER LEAKING FROM ICE DRAWER,CLEANED DRAIN OF ICE DRAWER,23154224,Ice Drawer,Ice Drawer cleaned,2023-11-28 05:16:47,38.9531,-77.4565,2023-11-28
A6-BMB,AMS,2023-11-24 02:10:58.000,,Galley G1F-1C,DURING TAKE OFF AND LANDING WATER LEAKED FROM UNDER THE CARTS IN R1 GALLEY,"INSPECTED AREA , NO LEAKAGE OBSERVED SUSPECT CONDENCE FROM CARTS",23154225,Behind carts,Condensation,,52.308613,4.763889,2023-11-24
A6-BNB,AUH,2023-11-20 02:10:58.000,,Galley G4A-1C,R4 GALLETY ICE BOX WATER LEAKAGE INTO THE CABIN,ICE BOX DRAWER DRAIN CLEANED IAW AMM 38-31-28-00A-258A REV. 142 / 31OCT23. SATIS.,23043293,Ice Drawer,Ice Drawer cleaned,2023-12-11 05:16:47.060000,24.426389,54.651389,2023-11-20
A6-BLV,AUH,2023-11-19 02:10:58.000,,Galley G4A-1R,R4 GALLEY WATER LEAKAGE COMES FROM BEHIND THE CART DURING LANDING,R4 GALLEY DEEP CLEANING DONE AND NO LEAKAGE FOUND AND SATIS,23131689,Behind carts,Nil Leak,,24.426389,54.651389,2023-11-19
A6-BLV,AUH,2023-11-19 02:10:58.000,,Galley G1A-1C,R1 GALLEY WATER LEAKAGE FROM BEHIND CONTAINER 1A1C01F,R1 GALLEY IA1C01F CLEANING DONE AND FIND SATIS NO WATER LEAKAGE FOUND,23131690,Behind carts,Nil Leak,,24.426389,54.651389,2023-11-19
A6-BLK,AUH,2023-11-07 02:10:58.000,,Galley G4A-1C,WATER LEAK IN R4 GALLEY DURING TOP OF DESCENT FROM CHILLERS BEHIND CARTS.,"R4 GALLEY INSP. C/OUT FOUND CONDENSATION, NIL FAULTS OPS TEST C/O IAW 38-31-00-00A-364A-A REV 059 / 31 OCT 2022. TEST OK.",23175382,Behind carts,Condensation,2023-12-12 05:16:47.060000,24.426389,54.651389,2023-11-07
A6-BMA,AUH,2023-11-07 02:10:58.000,,Galley G4A-1C,WATER LEAKAGE IN R4 GALLEY AFTER LANDING,FOUND SOURCE FROM CONDENSATION,23190965,Behind carts,Condensation,,24.426389,54.651389,2023-11-07
A6-BMH,AUH,2023-11-04 02:10:58.000,,Galley G2F-1C,GALLEY 2 WATER LEAKAGE AT FLOOR AREA [EVEN SHUTOFF VALVE IS CLOSED ],PLS REFER TO EATL # 80164993 NIL WATER LAEK NOTED AREA CLEANED,23070055,Behind carts,Nil Leak,,24.426389,54.651389,2023-11-04
A6-BLJ,BOM,2023-11-03 02:10:58.000,,Galley G4A-1R,WATER LEAKING FROM BEHIND TRASH COMPACTOR,CKD FOR LEAKS BEHIND TRASH COMPACTOR ON GROUND . FOUND NIL LEAKS FROM DRAIN PIPE. CREW TO OBS AND RPT FURTHER IF REQD.,23042965,Behind carts,Nil Leak,,19.0887,72.8679,2023-11-03
A6-BLF,AUH,2023-10-31 02:10:58.000,,Galley G4A-1R,R4 GALLEY LOTS OF WATER LEAKING BEHIND CART STOWAGE.,R4 GALLEY WATER LEAK TEST C/OUT IAW AMM DMC-B787-A-25-31-00-01A-364AA REV. 50/ 31 OCT 22.,23123369,Behind carts,Galley leak test,,24.426389,54.651389,2023-10-31
A6-BNA,AMS,2023-10-29 02:10:58.000,,Galley G4A-1L,STOWAGE BY R4 (4A1L12) HAD WATER LEAKING FROM IT.,CHECKED AREA AROUND 4A1L12 NO LEAKING OBSERVED CLEANED AREA AND DRAINAGE SYSTEM. KLM 07487,23067360,Behind carts,Nil Leak,,52.308613,4.763889,2023-10-29
A6-BNA,AUH,2023-10-24 02:10:58.000,,Galley G1F-1C,WATER LEAKAGE OBSERVED FROM FWD R1 GALLEY AFTER TAKE OFF WATER SMELLED BAD.,R1 GALLEY AREA CLEANED ALL AREA INSPECTED NIL WATER LEAK FOUND SUSPECTED WATER FROM ICE BOX DRAWER SAME CLEANED,23067335,Ice Drawer,Ice Drawer cleaned,,24.426389,54.651389,2023-10-24
A6-BLF,FRA,2023-10-21 02:10:58.000,,Galley G4A-1C,R4 WATER LEAKAGE FROM CHILLERS CENTER AREA (4A1C17).,"INSP C/OUT NO LEAKAGE FOUND, OK FOR SERVICE. AZA 1787",23037269,Behind carts,Nil Leak,,50.037933,8.562152,2023-10-21
A6-BMB,MUC,2023-10-14 02:10:58.000,,Galley G1A-1C,WATER LEAKAGE IN R1 GALLEY DURING TAKE OFF,NO SIGNS OF WATER LEAKAGE FOUND ON GND AMM DMC-B787-A-25-00-40-28A-421A-A REV 38,23285454,Behind carts,Nil Leak,,48.3538,11.7861,2023-10-14
A6-BLD,LHR,2023-10-06 02:10:58.000,,Galley G1F-1C,R1 GALLEY WATER LEAK FROM UNDER THE ICE DRAWER (DURING FLIGHT/CRUISE),"DRAIN CHECKED, OPS SATIS, NO CLOGGING FOUND, PLEASE REPORT NEXT SECTOR. LA 034",23259917,Ice Drawer,Nil Leak,,51.47002,-0.454295,2023-10-06
A6-BLJ,AUH,2023-10-03 02:10:58.000,,Galley G1F-1C,WATER LEAKING FROM UNDER CARTS ON T/O AND ON LANDING POSITION 1F1C13 IT LEAKED TOWARDS FD DOOR,INSPECTION C/OUT NO LEAKS FOUND WATER SOURCE IS CONDENSATION FROM CARTS,23141713,Behind carts,Condensation,,24.426389,54.651389,2023-10-03
A6-BLD,AUH,2023-09-28 02:10:58.000,,Galley G1F-1C,R1-1F1C12-ICE DRAWER WATER LEAKAGE,REMOVED WATER FROM ICE DRAWER. NOW DRY AND CLEAN IAW DMC -B787-A-38-31-25-00A-258A-A REV 017 / 31 OCT 2022.,2395059,Ice Drawer,Ice Drawer drain clogged,,24.426389,54.651389,2023-09-28
A6-BLL,AUH,2023-09-28 02:10:58.000,,Galley G4A-1R,HEAVY WATER LEAK FORM BEHIND THE CONTAINERS IN THE AFT GALLEY ONLY ON GROUND,INVESTIGATION C/OUT AFT GALLEY NO LAEKS CHECK FOUND ONLY CONDENSATION ON SOME AREA SAME TIME CLEANED,23282362,Behind carts,Condensation,,24.426389,54.651389,2023-09-28
A6-BLP,AUH,2023-09-23 02:10:58.000,,Galley G2A-1C,"R2 GALLEY WATER LEAK FROM THE ICE DRAWER , DURING CLIMBING.","UNBLOCKED AND CLEANED ICE DRAWER DRAIN STRAININR NOW SATIS, NIL WATER ACCUMULATED.",23275966,Ice Drawer,Ice Drawer drain clogged,,24.426389,54.651389,2023-09-23
A6-BMB,AUH,2023-09-22 02:10:58.000,,Galley G1F-1C,WATER LEAKAGE FROM COMPARTMENT IN R1-1F1COIR,R1-1F1CO1R INSP. C/OUT OF THE AREA . NO LEAKS FOUND.,23176667,Behind carts,Nil Leak,,24.426389,54.651389,2023-09-22
A6-BLZ,AUH,2023-09-20 02:10:58.000,,Galley G1F-1C,"WATER LEAK OBSERVED ON TAKE-OFF R1 GALLEY. LEAK FROM PANEL 1F1C09, 1F1CD AND 1F1C11",R1 GALLEY LEAK TEST C/O IAW AMM DMC-B787-A-25-31-00-01A-364A-A REV 050/31 OCT 2022. NIL LEAKS FOUND.,23235707,Behind carts,Galley leak test,,24.426389,54.651389,2023-09-20
A6-BMH,AUH,2023-09-19 02:10:58.000,,Galley G4A-1L,R4 GALLEY WATER LEAKING,INSPECTION C/OUT NIL FINDING LEAKAGE BECAUSE HUMIDITY,23076506,Behind carts,Nil Leak,,24.426389,54.651389,2023-09-19
A6-BLF,JNB,2023-09-17 02:10:58.000,,Galley G4A-1R,WATER LEAKS FROM AFT GALLEY DURING DECENT,ICE REMOVED FROM GALLLEY COOLING VENT DRAINS NIL WATER LEAKS AT TIME OF INSPECTION,23198007,Behind carts,Ice on chiller flaps,,-26.1392,28.2468,2023-09-17
A6-BLK,MNL,2023-09-11 02:10:58.000,,Galley G2F-1C,R2 GALLEY CHILLER WATER LEAKAGE (FWD),"RECYCLED SYSTEM CLEANED CHILLER, INSPECTION DONE, TEST NORMAL.",23078731,Behind carts,Nil Leak,,14.5086,121.0198,2023-09-11
A6-BLN,YYZ,2023-09-11 02:10:58.000,,Galley G1F-1C,"R1 GALLEY WATER LEAKAGE FROM ABOVE THE STOWAGE PFC01F , PF1C037 AFTER TAKE OFF APPROXIMATELY 05 LITRES OF WATER WAS LEAKING ON THE FLOOR",UNABLE TO SEE ANY WATER ABOVE STOWAGE PLS REPORT FURTHER,23131836,Behind carts,Nil Leak,,43.6777,-79.6248,2023-09-11
A6-BLI,ZRH,2023-09-11 02:10:58.000,,Galley G2A-1C,R2 GALLEY WATER LEAKING ON THE FLOOR BEHIND CART FOR T OFF AND LANDING,CARTS REMOVED AREA CHKD THOROUGHLY NO LEAKS FOUND SUSPECT CONDENSATION,23194536,Behind carts,Condensation,,47.4647,8.5492,2023-09-11
A6-BLK,HKT,2023-09-08 02:10:58.000,,Galley G2A-1C,R2 GALLEY - HEAVY WATER LEAK FROM BOTH SIDES,INSP LEAK CHK NO SIGN OF LEAK,23202957,Behind carts,Nil Leak,,8.1134,98.3175,2023-09-08
A6-BLF,AUH,2023-09-04 02:10:58.000,,Galley G4A-1R,MAJOR WATER LEAK IN THE R4 GALLEY DURING LANDING.,RHS ICE DRAWER REMOVED DRAIN OBSTRUCTION REMOVED NOW NORMAL. RHS ICE DRAWER REMOVED DRAW OSTRUCTION REMOVED NOW REMOVED,23207851,Ice Drawer,Ice Drawer drain clogged,,24.426389,54.651389,2023-09-04
A6-BNB,AUH,2023-09-02 02:10:58.000,,Galley G1F-1C,WATER LEAKED FROM UNDER THE CARTS IN R1 GALLEY FOR TAJEOFF AND LANDING,GVI OF GALLEY AREA C/OUT IAW AMM 25 32 00 02A 311A A REV 139 JUL 23 SATIS.,23082929,Behind carts,Nil Leak,,24.426389,54.651389,2023-09-02
A6-BLH,BRU,2023-08-28 02:10:58.000,,Galley G4A-1C,R4 GALLEY POS : 4A1C19 WATER LEAKING FROM TOP GALLEY CHILLER,FOUND ICE IN GALLEY AREA CLEANED AREA SUSPECT ICING GALLEY OUTLET,23282151,Behind carts,Ice on chiller flaps,,50.9019,4.4844,2023-08-28
A6-BLK,FRA,2023-08-25 02:10:58.000,,Galley G4A-1C,WATER LEAKAGE IN R4 GALLEY AT TOP OF DESCENT BEHIND STOWAGE NUMBER 4A1C19 AND 4A1C19 IT STOPPED AFTER ABOUT 15 MINS,INSPECTION C/OUT NO LEAK FOUND,23144395,Behind carts,Nil Leak,,50.037933,8.562152,2023-08-25
A6-BLB,AUH,2023-08-22 02:10:58.000,,Galley G4A-1C,WATER LEAKING ON GALLEY TOP OF R4 GALLEY,INSPECTION C/OUT FOUND EVERYTHING IS NORMAL AT SAID LOCATION. WATER CAME DUE TO CONDENSATION.,23292105,Ice Drawer,Nil Leak,,24.426389,54.651389,2023-08-22
A6-BLA,GVA,2023-08-11 02:10:58.000,,Galley G4A-1C,R4 GALLEY WATER LEAK COMING FROM SOMEWHERE BEHIND THE CARTS SPECIFIC LOCATION UNKNOWN,INSPECTION C/OUT NIL FINDINGS,23008176,Behind carts,Nil Leak,,46.2381,6.1081,2023-08-11
A6-BLK,FRA,2023-08-10 02:10:58.000,,Galley G1A-1C,WATER LEAKAGE IN RI GALLEY DURING TAKE OFF,INSP CHECK C/O NO LEAK OBSERVED,23170203,Behind carts,Nil Leak,,50.037933,8.562152,2023-08-10
A6-BLE,GVA,2023-08-05 02:10:58.000,,Galley G2A-1C,"WATER LEAKAGE FROM ICE DRAWER MASSIVE LEAKAGE, R2 GALLEY.",UNCLOGGED NO REMARK. 122590,23310594,Ice Drawer,Ice Drawer drain clogged,,46.2381,6.1081,2023-08-05
A6-BLT,AUH,2023-08-04 02:10:58.000,,Galley G2A-1C,R2 GALLEY HAW WATER LEAKAGE,CHECK GALLEY CART COMPT OF R2 GALLEY NIL LEAK FOUND,23000912,Behind carts,Nil Leak,,24.426389,54.651389,2023-08-04
A6-BLE,AUH,2023-08-03 02:10:58.000,,Galley G1F-1C,R1- 1F1C12 ICE DRAWER - THERE WAS A CONTINUES WATER LEAKAGE FROM THE BASE.,WATER RESIDUE DRAIN AND CLEAN TEST OPS OF DRAINING AT 1F1C12 NOW SATIS. IAW CMM: 25-37-56 REV. 04 / 26 APR 2016,23310582,Behind carts,Nil Leak,,24.426389,54.651389,2023-08-03
A6-BLX,AUH,2023-08-03 02:10:58.000,,Galley G4A-1R,FROM CDDL REF 23315546 WATER LEAKS R4 GALLEY DURING TAKE OFF.,FROM CDDL REF 23315546 ICE DRAWER SYSTEM DRAIN CLEANING C/OUT IAW AMM DMC-B787-A-38-31-25-00A-258A-A REV017 / 21OCT22 CDDL CLEARED,23315556,Ice Drawer,Ice Drawer cleaned,,24.426389,54.651389,2023-08-03
A6-BLD,GVA,2023-08-01 02:10:58.000,,Galley G1F-1C,RI GALLEY WATER LEAKING FROM BEHIND ICE DRAWER,FOUND WATER SPILLAGE OPENED BOTTLE SEVERAL OPS C/O AREA CLEANED W/O REMARK NO MORE LEAK,23295628,Ice Drawer,Nil Leak,,46.2381,6.1081,2023-08-01
A6-BLX,AUH,2023-08-01 02:10:58.000,,Galley G4A-1R,WATER LEAKS R4 GALLEY DURING TAKE OFF. / TROUBLE SHOTTING AND RECTIFY.,WATER REMOVED FROM AFT RHS ICE DRAWER DRAIN IS CLOGGED ITEM TRF TO CDDL.INOP STICKER / REFER TO CML REF 23315556 FOR ACTION TAKEN CDD CLOSED,23315546,Ice Drawer,Ice Drawer drain clogged,,24.426389,54.651389,2023-08-01
A6-BLY,AUH,2023-07-30 02:10:58.000,,Galley G1A-1C,WATER LEAKAGE BEHIND CART STOWAGE 1A1C09F/1A1C09R,"GENERAL VISUAL INSPECTION OF FWD GALLEY C/OUT IAW AMM 25-31-00-02A-311A-A REV 042, 31 OCT 22 NIL LEAKS FOUND SUSPECTED CONDENSATION . NIL FURTHER MAINT ACTION REQ.",23003053,Behind carts,Condensation,2023-12-14 05:16:47.060000,24.426389,54.651389,2023-07-30
A6-BLH,AUH,2023-07-29 02:10:58.000,,Galley G4A-1C,"R4 GALLEY FLOOR HAD WATER LEAKING FROM BEHIND THE CARTS DURING LANDING, EXACT LOCATION AND SOURCE OF LEAK UNDETERMINED.",C/O R4 GALLEY AREA INSP IAW AMM 25-31-00-02A-311A-A REV 42 / OCT 2022. FOUND NIL LEAK SUSPECT CONDENSATION (WATER) FROM FOOD CARTS.,23283310,Behind carts,Condensation,2023-12-15 05:16:47.060000,24.426389,54.651389,2023-07-29
A6-BLF,FRA,2023-07-23 02:10:58.000,,Galley G4A-1L,WATER LEAKS IN R4 GALLEY FLOOR AREA,INSP CHECK C/O NO WATER LEAK OBSERVED,23084285,Behind carts,Nil Leak,,50.037933,8.562152,2023-07-23
A6-BLF,SIN,2023-07-21 02:10:58.000,,Galley G4A-1R,R4 GALLEY WATER LEAK DURING DESCENT BEHIND THE CARTS.,ON GROUND CHK NIL LEAKAGES.,23084271,Behind carts,Nil Leak,,1.3502,103.994,2023-07-21
A6-BLQ,AUH,2023-07-21 02:10:58.000,,Galley G2A-1C,UNIDENTIFIED WATER LEAKAGE IN R2 GALLEY DURING LANDING,ALL GALLEY CARTS REMOVED FOUND NIL EVIDENCE OF ANY WATER LEAK,22987733,Behind carts,Nil Leak,2023-12-16 05:16:47.060000,24.426389,54.651389,2023-07-21
A6-BLH,AUH,2023-07-16 02:10:58.000,,Galley G4A-1C,R4 LEFT SIDE WATER LEAKAGE DURING DESENT.,ON CHK FOUND NIL LEAKAGE ON GROUND,23118364,Behind carts,Nil Leak,,24.426389,54.651389,2023-07-16
A6-BLH,AUH,2023-07-15 02:10:58.000,,Galley G2A-1C,R2 WATER LEAKAGE FROM UNDER THE ICE DRAWER,"C/O R2 GALLEY ICE DRAWER CLEANING IAW AMM 38-31-25-00A-258A-A REV 17/ OCT 2022, LEAK CHECK FOUND SATIS",23118350,Ice Drawer,Ice Drawer cleaned,2023-12-17 05:16:47.060000,24.426389,54.651389,2023-07-15
A6-BLF,AUH,2023-07-04 02:10:58.000,,Galley G4A-1C,WATER LEAKAGE IN AFT GALLEY FROM BEHIND THE CARTS.,CHECKED AFT GALLEY COMPARTMENTS NIL LEAK FOUND.,23057129,Behind carts,Nil Leak,,24.426389,54.651389,2023-07-04
A6-BLL,ZRH,2023-07-01 02:10:58.000,,Galley G2F-1C,R2 BIG AMOUNT OF WWATER LEAKING COMING FROM BEHIND COMPARTMENTS 2F1C10 AND 2F1C14 DURING BOARDING AND DURUNG TAXI OUT,R2 ISNPECTION C/O FOUND CONDESATION BUILD UP ON RUBBERS FOR CHILLERS REMOVED WATER AND DRIED THE AREA OK FOR SERVICE,23035533,Behind carts,Condensation,,47.4647,8.5492,2023-07-01
A6-BMD,LHR,2023-06-30 02:10:58.000,,Galley G1F-1C,B/C GALLEY WHENEVER ICE DRAWER IS OPENED WATER LEAKS HEAVILY,UN CLOGGED THE DRAIN HOLE WORKS NORMAL SATIS AMM 25-30-00,23117017,Ice Drawer,Ice Drawer drain clogged,,51.47002,-0.454295,2023-06-30
A6-BNB,SVO,2023-06-28 02:10:58.000,,Galley G1A-1C,R1 GALLEY - WATER LEAKAGE ON THE FLOOR FROM UNDER THE CARTS,GALLEY FOUND WITH WATER DUE CONDENSATION AREA CLEANED. NIL LEAKS FOUND,23176977,Behind carts,Condensation,2023-12-18 05:16:47.060000,55.9726,37.4146,2023-06-28
A6-BLF,AUH,2023-06-24 02:10:58.000,,Galley G4A-1C,R4 GALLEY WATER LEAKAGE COMING FROM BEHIND MIDDLE CART DURING DESEND,R4 GALLEY GVI C/OUT IAW AMM AMC -787-A-25-31-00--02A-31A-A REV 137 31MAY 23 NILL WATER LEAKS FOUND SUSPCTED CONDENSTATION MOISTURE,23277640,Behind carts,Condensation,2023-12-19 05:16:47.060000,24.426389,54.651389,2023-06-24
A6-BLM,AUH,2023-06-24 02:10:58.000,,Galley G4A-1C,R4 GALLEY WATER LEAKAGE ON LANDING,ICE DRAWER DRAIN SCREEN FOUND BLOCKED. BLOCKAGE REMOVED. NOW OK,23288730,Ice Drawer,Ice Drawer drain clogged,,24.426389,54.651389,2023-06-24
A6-BLF,AUH,2023-06-17 02:10:58.000,,Galley G4A-1R,R4 GALLEY CHILLERS WATER LEAKING,ALL CARTS REMOVED AND CHECKED FOR AFTE VALVES OPERATION. FOUND SATIS DUE TO EMPTY SLOTS IN GALLEY CONDENSATION CAUSED WATER IAW B787-A-21-53-00-00A-300C-A REV 098 30 APR 23,23096289,Behind carts,Condensation,,24.426389,54.651389,2023-06-17
A6-BNC,AUH,2023-06-08 02:10:58.000,,Galley G1F-1C,THE DRAIN OF ICE DRAWER 1F1C12 IS CLOGGED. DURING TAKE OFF A LOT OF WATER LEAKED INTO THE GALLEY/CABIN FLOOR,STRAINER UNCLOGGED AND CLEANED IAW CMM 25-30-105 REV 2/25NOV2019. OPS TEST SATIS.,23182019,Ice Drawer,Ice Drawer drain clogged,,24.426389,54.651389,2023-06-08
A6-BLA,JNB,2023-06-02 02:10:58.000,,Galley G4A-1C,WATER LEAKAGE WAS OBSERVED FROM BEHIND THE CART #4A1C23 (R4 GALLEY),"FOUND TO BE CONDENSATION FROM GALLEY CHILLER, AREA DRIED",23214905,Behind carts,Condensation,,-26.1392,28.2468,2023-06-02
A6-BLP,AUH,2023-06-01 02:10:58.000,,Galley G2F-1C,R2 GALLEY WATER LEAKING FROM BEHIND CARTS ON LANDING,INSPECTION PERFORMED FOUND NO LEAKING BEHIND CARTS ALL FOUND DRIED AREAS,23182692,Behind carts,Nil Leak,,24.426389,54.651389,2023-06-01
A6-BLW,VIE,2023-05-24 02:10:58.000,,Galley G2F-1C,R2 GALLEY LARGE AMOUNT OF WATER LEAKING FROM BEHIND THE TRASH COMPACTOR ON GROUND NO EVENTS INFLIGHT,CHK AREA REMOVED COMPACTOR NO WATER FOUND,22811777,Behind carts,Nil Leak,,48.1103,16.5697,2023-05-24
A6-BLI,AUH,2023-05-24 02:10:58.000,,Galley G1F-1C,R1 GALLEY WATER LEAKAGE HIGH VOLUME FROM ( 1F1C13/1F1C14) CARTS LOCATION DURING TAXI,"RMV WATER CLOG AT FWD GALLEY SINK , NOW SATIS",23110383,Behind carts,Condensation,,24.426389,54.651389,2023-05-24
A6-BNB,PKX,2023-05-22 02:10:58.000,,Galley G4A-1R,R4 GALLEY CHILLER HAS WATER LEAKAGE IN FLIGHT,FOUND SOME ICE AT AIR COOLING DUCT OUTLET CLEANED AND GENERAL VISUAL INSPECTION C/OUT NO LEAKAGE FOUND REF TO AMM DMC-B787-A-25-31-00-02A-311A-A REV 136 30 APR 2023,23127777,Behind carts,Ice on chiller flaps,,39.51,116.41,2023-05-22
A6-BNB,AUH,2023-05-20 02:10:58.000,,Galley G4A-1C,R4 GALLEY CHILLERS HAS A LOT OF WATER LEAKING ON LANDING,GALLEY AREA INSPECTED NO LEAKAGE OBSERVED,23127771,Behind carts,Nil Leak,,24.426389,54.651389,2023-05-20
A6-BLZ,AUH,2023-05-17 02:10:58.000,,Galley G2A-1C,WATER LEAK FROM 2A1C02 AND 2F1C104R IN R2 GALLEY,WATER LEAK CAME FROM CONDENSATION. EXCESS WATER CLEANED. NOW SATIS,23224528,Behind carts,Condensation,,24.426389,54.651389,2023-05-17
A6-BMF,BCN,2023-05-17 02:10:58.000,,Galley G1A-1C,WATER LEAKAGE AT FLOOR LEVEL AT R1 BELOW THE TRASH COMPACTOR.,"NO LEAKAGE AROUND FOUN, TASH COMPACTOR CLEANED AND OPS TEST PERFORMED IAW DMC-B787-A-25-32-00-31A-320A-A REV 136/ 20 APR 23. 056148",23229870,Behind carts,Nil Leak,,41.2973,2.0783,2023-05-17
A6-BLB,AUH,2023-05-14 02:10:58.000,,Galley G2A-1C,WATER LEAKAGE FROM UNDER THE ICE DRAWER,R2 GALLEY ICE DRAWER DRAIN MESS FOUND CLOGGED SAME CLEANED IAW DMC B787-A-38-31-25-00A-258A-A REV 17/ 31OCT2022,23013069,Ice Drawer,Ice Drawer drain clogged,,24.426389,54.651389,2023-05-14
A6-BLC,IAD,2023-05-02 02:10:58.000,,Galley G1F-1C,DURING TAKE OFF HIGH LEVEL OF WATER LEAKAGE OBSERVED IN R1 GALLEY FROM ICE DRAWER POSITION 1F1C12,INSPECTED BOX FOR CRACKS FILLED UP CONTAINER WITH WATER NO LEAKS NOTICED.,23149229,Ice Drawer,Nil Leak,,38.9531,-77.4565,2023-05-02
A6-BLK,AUH,2023-05-02 02:10:58.000,A6-BLT001605-014,Galley G2F-1C,R2 GALLEY WATER LEAKAGE (ON THE FLOOR),UNABLE TO FIND ANY WATER LEAKAGE SUSPECT WATER DUE TO CONDENSATION,23031297,Behind carts,Condensation,2023-12-20 05:16:47.060000,24.426389,54.651389,2023-05-02
A6-BLE,AUH,2023-04-20 02:10:58.000,,Galley G1F-1C,R1 - ICE DRAWER WATER LEAKING 1F1C12,CLOGGED REMOVED OPS TEST C/OUT FUNCTION OK IAW CMM 25-37-56 REV 6 DTD 12 JUN 2020 .SATIS,80187529,Ice Drawer,Ice Drawer drain clogged,2023-12-21 05:16:47.060000,24.426389,54.651389,2023-04-20
A6-BMD,AUH,2023-04-19 02:10:58.000,,Galley G2A-1C,R2 GALLEY WATER LEAKAGE FROM BEHINND THE CART DURING TAKE OFF,WATER LEAKAGE REMOVED AND CLEANED.NIL LEAK FOUND.NOW SATIS.,80187530,Behind carts,Nil Leak,2023-12-22 05:16:47.060000,24.426389,54.651389,2023-04-19
A6-BNB,MLE,2023-04-12 02:10:58.000,,Galley G1A-1C,WATER LEAK FROM R1 GALLEY STOWAGE 1A1C10.,"INSPECTED GALLEY FOR LEAKS AND NIL FOUND, SUSPECT WATER DUE CONDENSATION FROM GALLEY CART. IA588",80187531,Behind carts,Condensation,2023-12-23 05:16:47.060000,4.1915,73.5242,2023-04-12
A6-BLO,AUH,2023-04-11 02:10:58.000,,Galley G2F-1C,WATER LEAKING FROM UNDER 2F1C041R STOWAGE,"GEBERAL VISUAL INSPECTION OF 2F1C041R STOWAGE CARRIED OUT IAW AMM 25-31-00-02A-311A REV 42, 31 OCT 2022. NIL LEAKS OBSERVED AREA WAS FOUND DRY. NIL ABNORMALITIES",23098689,Behind carts,Nil Leak,,24.426389,54.651389,2023-04-11
A6-BNB,AUH,2023-03-30 02:10:58.000,,Galley G1A-1C,WATER LEAKING IN R1 GALLEY FLOOR AREA FROM CART STOWAGECOMPARTMENT DURING TTL,R1 GALLEY ARREA AROUND CARTS STOWAGE COMPARTMENT INSPECTED. FOUND TRACES OF WATER DUE CONDENSATION AROUND GALLEY REFRIGERATION FLAP. NIL LEAKS FOUND.INFORMED CLEANING TO PERFORM CLEANING,23010278,Behind carts,Condensation,,24.426389,54.651389,2023-03-30
A6-BLR,AUH,2023-03-14 02:10:58.000,,Galley G1F-1C,R1 GALLEY WATER LEAKING ON TABLE FROM BEHIND CARTS,"R1 GALLEY 1F1C02, 1F1C16 LOCATIONFOUND WATER CONDENSATION. CLEANED AND NO SUSPECT OF LEAKING IAW SAFRAN CMM 25-30-105 REV 02 DTD 25 NOV 2019",23109055,Behind carts,Condensation,,24.426389,54.651389,2023-03-14
A6-BNB,FRA,2023-03-07 02:10:58.000,,Galley G1A-1C,WATER LEAKING FROM STOWAGE 1A1C12 AT R1 GALLEY,INSP PERFORMED NO LEAK FOUND. AUTH: AZA1787,22987654,Behind carts,Nil Leak,,50.037933,8.562152,2023-03-07
A6-BLD,GVA,2023-03-05 02:10:58.000,,Galley G1F-1C,BUS CLASS GALLEY MAJOR WATER LEAK ON LANDING,INSP C/O OF GALLEY FOUND AND LEAK,22809881,Behind carts,Nil Leak,,46.2381,6.1081,2023-03-05
A6-BLX,MAD,2023-03-01 02:10:58.000,,Galley G1F-1C,SLIGHT WATER LEAKAGE AT RIGHT HAND SIDE GALLEY FROM ICE DRAWER (WET FLOOR),CLEANED DRAIN GRILL FOR ICE DRAWER DUE NO LEAK FOUND ON OTHER COMPONENTS,23165250,Ice Drawer,Ice Drawer cleaned,,40.4936,-3.5676,2023-03-01
A6-BMC,CGK,2023-03-01 02:10:58.000,,Galley G1A-1C,THERE`S A WATER LEAKAGE FROM A GALLEY TOP IN BUSINESS CLASS GALLEY,CLEANED UP AND NOT FOUND LEAKING,23101752,Ice Drawer,Nil Leak,,-6.1256,106.6559,2023-03-01
A6-BLK,YYZ,2023-03-01 02:10:58.000,,Galley G2F-1C,R2 GALLEY WATER LEAKING FROM TOP NEXT TO CONTAINER 2F1C03F.,NO LEAK DETECTED REPORT FURTHER.,22989449,Behind carts,Nil Leak,,43.6777,-79.6248,2023-03-01
A6-BNB,ZRH,2023-02-26 02:10:58.000,,Galley G1F-1C,WATER LEAKAGE FROM R1 GALLEY STOWAGE: 1F1C13 1A1C12 1A1C10 (FROM BEHIND THE CARTS),LEAK CHECKED ON GND. NO FOUND AREA COMPL. DRY AND CLEAN. AUTH: 502931,22817053,Behind carts,Nil Leak,,47.4647,8.5492,2023-02-26
A6-BLV,AUH,2023-02-17 02:10:58.000,,Galley G1A-1C,WATER LEAK R2 GALLEY AT TOD.SHUT OFF WATER VALVE,INSPECTION C/OUT FOUND NIL LEAK.ALL GALLEY EQUIPMENT . ALL NORMAL. SHUT OFF VALVE RETURN TO NORMAL,22978481,Behind carts,Nil Leak,,24.426389,54.651389,2023-02-17
A6-BLC,LHR,2023-02-08 02:10:58.000,,Galley G2A-1C,WATER LEAKAGE FROM UNDER ICE DRAWER AT R2. / TO UNBLOCK THE DRAIN OF DRAWER,CDDL RAISED AUTH: LA033 / SEE CML 23247528 UNBLOCKED AND CDDL 22983304 CLEARED,22984457,Ice Drawer,Ice Drawer drain clogged,,51.47002,-0.454295,2023-02-08
A6-BLC,AUH,2023-02-12 02:10:58.000,,Galley G2A-1C,WATER LEAKAGE FROM UNDER ICE DRAWER R2,ICE DRAWER DRAIN BLOCKAGE REMOVED NOW SATIS CDDL 22983304 CLEARED,23234120,Ice Drawer,Ice Drawer drain clogged,,24.426389,54.651389,2023-02-12
A6-BLD,AUH,2023-02-03 02:10:58.000,,Galley G4A-1C,GALLEY AFT LR4 WATER LEAKAGE NEAR WASTE,NO LEAKS OBSERVE AT R4 GALLEY FAUCET OPS SATIS LEAK CHECK IAW AMM 38-10-00-24A-340A-A REV 067 31OCT22. SATIS,22983304,Behind carts,Nil Leak,,24.426389,54.651389,2023-02-03
A6-BLD,AUH,2023-01-21 02:10:58.000,,Galley G1F-1C,1F1C-12 ICE DRAWER WATER LEAKAGE,"REMOVED BLOCKAGE AT SINK STRAINER IAW CMM 25-37-56, REV0, 24APR16. NOW SATIS.",23247528,Ice Drawer,Ice Drawer drain clogged,,24.426389,54.651389,2023-01-21
A6-BNB,AUH,2023-01-18 02:10:58.000,,Galley G1F-1C,R1 AND R2 GALLEY WATER LEAKING DURING TAKE OFF AND LANDING,DEBRIS FROM ICE DRAWER REMOVED. SATIS,22810423,Ice Drawer,Ice Drawer drain clogged,,24.426389,54.651389,2023-01-18
A6-BLD,AUH,2023-01-18 02:10:58.000,,Galley G1F-1C,ICE DRAWER 1F1C12 R1 GALLEY WATER LEAKING CONTINOUSLY DURING FLIGHT,ICE DRAWER 1F1C12 R1 GALLEY DRAIN CLEARED IAM AMM B787-A-25-32-00A-258A-A REV 132/DEC22. HOT WATER FLOW CHKD. NIL LEAK,23171189,Ice Drawer,Ice Drawer drain clogged,,24.426389,54.651389,2023-01-18
A6-BLV,KUL,2023-01-18 02:10:58.000,,Galley G1A-1C,SLIGHT WATER LEAKAGE FROM R1 STOWAGE COMPARTMENT 1A1C01F AND 1A1C01R.,AREA INSPECTED. NIL LEAK FOUND. SUSPECT CONDENSATION CREW TO MONITOR AND REPORT FURTHER IF NECESSARY. AUTH: KLM50209,22989706,Behind carts,Condensation,,2.745578,101.708944,2023-01-18
A6-BLH,JFK,2023-01-17 02:10:58.000,,Galley G2A-1C,R2 AND R4 GALLEY WATER LEAKING FROM CART STWG DURING FLT.,CHKD NO LEAK EVIDENT,23214674,Behind carts,Nil Leak,,40.6413,-73.7781,2023-01-17
A6-BLJ,LHR,2023-01-15 02:10:58.000,,Galley G1A-1C,WATER LEAKAGE BEHIND CART STOWAGE 1A1C09R IN R1 GALLEY BELOW MICROWAVE,ALL AREA AROUND STOWAGE 1A1C09R R1 BELOW MICROWAVE CHECKED FOUND NIL LEAKAGE REF AMM 25-32-00. AUTH: LA033,22989687,Behind carts,Nil Leak,,51.47002,-0.454295,2023-01-15
A6-BLI,AUH,2023-01-11 02:10:58.000,,Galley G1F-1C,CLEAR WATER LEAKAGE IN R1 GALLEY AFTER LANDING,NIL WATER LEAKS FOUND FROM PLUMBING . FOUND ICE MELTING FROM GALLEY CHIILER VENTS . SAME CLEANED,23171998,Behind carts,Ice on chiller flaps,,24.426389,54.651389,2023-01-11
A6-BLG,AUH,2023-01-11 02:10:58.000,,Galley G2A-1C,"R2 GALLEY WATER LEAK FROM BEHIND THE CART COMPARTMENT 2A1C14 ON GROUND DURING TAXI, WATER REACHED L2 DOOR",R2 GALLEY INSPECTION CARRIED OUT NIL LEAK FOUND,23087661,Behind carts,Nil Leak,,24.426389,54.651389,2023-01-11
