A/C REG,Flight Airport Arrival,Created Date,Number,Location,Text,Action Latest Text,External Reference,Leak Location,Findings,Action Latest Signature Date,latitude,longitude,Created Date Filter,Resolution Time
A6-BMH,AUH,2024-12-25 19:07:53.431,A6-BMH002521-002,Galley G1F-1C,"DURING TAKE OFF, A LOT OF WATER LEAKED FROM BEHIND THE HOT BEVERAGE MACHINES WHICH THEN SEEPED INTO THE CABIN AND GALLEY FLOOR. ",C/O RESET AND OPS TEST IAW AMM DMC-B787-A-25-32-00-27A-320A-A REV 155/30 NOV 24. NO LEAK .FOUND SATIS,80463036,Behind hot beverage machine,Nil Leak,2024-12-25 22:24:34.070,24.426389,54.651389,2024-12-25,3.28
A6-BLD,AUH,2024-12-22 08:31:05.861,A6-BLD002194-004,Galley G2A-1C,HAD A WATER ABOUT 5 LITERS FLOWING OUT FROM THE ICE DRAWER AND AS WELL AS THE CONTAINER STOWAGE.,"GALLEY #2,ICE DRAWER WATER DRAIN FOUND CLOGGED. SAME CLEANED. WATER DRINING FOUND SATIS. 
I.A.W CMM 25-37-56 REV.07 /03JULY2023",80460201,Ice Drawer,Ice Drawer drain clogged,2024-12-22 09:46:40.612,24.426389,54.651389,2024-12-22,1.26
A6-BLD,AUH,2024-12-22 06:27:14.297,A6-BLD002194-003,Galley G1F-1C,WATER LEAKING FROM THE BUTTOM OF THE FRIDGE,NO WATER LEAK FOUND SUSPECT WATER CONDENSATION. OPS TEST CARRIED OUT REFRIGERATOR OPERATES NORMALLY IAW AMM 25-32-00-28A-320A-A REV 155 / 30NOV2024,80460200,Behind fridge,Nil Leak,2024-12-22 09:57:19.093,24.426389,54.651389,2024-12-22,3.5
A6-BMA,AUH,2024-12-14 01:22:57.415,A6-BMA002515-003,Galley G2A-1C,AT TOD OF DESCENT WATER CAME OUT FROM STOWAGE 2A1C13,AREA INSPECTED BEHIND GALLEY EQUIPEMENT.NIL WATER OR LEAK FOUND. REF AMM DMC-B787-25-32-00-10A-520A/720A REV 58/30NOV2024,80453272,Behind carts,Nil Leak,2024-12-14 02:47:07.124,24.426389,54.651389,2024-12-14,1.4
A6-BMA,AUH,2024-12-14 01:20:20.377,A6-BMA002515-002,Galley G1A-1C,AT TOD OF DESCENT WATER CAME OUT FROM STOWAGE 1A1C11,AREA INSPECTED BEHIND GALLEY EQUIPEMENT.NIL WATER OR LEAK FOUND. REF AMM DMC-B787-25-32-00-10A-520A/720A REV 58/30NOV2024,80453271,Behind carts,Nil Leak,2024-12-14 02:48:30.529,24.426389,54.651389,2024-12-14,1.47
A6-BLA,AUH,2024-12-13 01:40:10.760,A6-BLA002111-006,Galley G4A-1C,"R4 GALLEY, RHS, AFT
HEAVY WATER LEAK THROUGHOUT THE FLIGHT ","INSPECTION PERFORMED FOR  R4 GALLEY RH SIDE , NO WATER LEAK OBSERVED  FROM ANY WATER RESOURCES OR AIR CHILLERS OUTLET , GALLEY OVERHEAD  COOLING EQUIPMENT DRIAN NIL LEAK  AREA MONITORED, NIL WATER LEAK OBSERVED , AS AMM 25-31-00-01A-364A-A REV 155/30NOV24",80452497,Behind carts,Nil Leak,2024-12-13 05:41:09.997,24.426389,54.651389,2024-12-13,4.02
A6-BLA,AUH,2024-12-13 01:38:05.939,A6-BLA002111-005,Galley G2A-1C,HEAVY WATER LEAK FROM THE ICE DRAWER DURING TAKE OFF AND LANDING,"R2 GALLEY ICE BOX DRAWER DRAIN FOUND BLOCKED ,SAME CLEANED ,NIL WATER LEAKAGE.",80452496,Ice Drawer,Ice Drawer drain clogged,2024-12-13 05:14:31.452,24.426389,54.651389,2024-12-13,3.61
A6-BLA,AUH,2024-12-13 01:36:25.191,A6-BLA002111-004,Galley G2A-1C,HEAVY WATER LEAK FROM THE ICE DRAWER ON TAKE OFF AND LANDING ,"R1 GALLEY ICE BOX DRAWER DRAIN FOUND BLOCKED ,SAME CLEANED ,NIL WATER LEAKAGE.",80452495,Ice Drawer,Ice Drawer drain clogged,2024-12-13 05:14:46.682,24.426389,54.651389,2024-12-13,3.64
A6-BMI,FRA,2024-12-13 01:23:57.932,A6-BMI002590-006,Galley G1F-1C,UNDER IDE DROWER LOT OF WATER RUNNING INTO CABIN DURING TAKE OFF,INSPECTION C/OUT NIL FOUND.,80452615,Ice Drawer,Nil Leak,2024-12-13 05:58:25.775,50.037933,8.562152,2024-12-13,4.57
A6-BLA,LHR,2024-12-07 11:37:52.862,A6-BLA002102-005,Galley G4A-1C,"LEAKING A LOT, APPROXIMATELY 2L OF WATER WHICH FLOWS INTO THE AFT COMPARTMENT AND SINK AND AROUND THE SINK.",ICEDRAWER COMPARTMENT 4A1R11 CLEANED FUNCTIONAL CHECK C/OUT FOUND SATIS.,80447975,Ice Drawer,Ice Drawer cleaned,2024-12-07 15:18:54.419,51.47002,-0.454295,2024-12-07,3.68
A6-BLW,KUL,2024-12-06 12:15:07.994,A6-BLW002297-002,Galley G2A-1C,WATER LEAK FROM R2 GALLEY DURING TOUCH DOWN.,"AREA CLEANED, NIL LEAK FOUND ON GROUND INSP C/O IAW AMM 38-31-01. GALLEY DRAINS SATIS. SUSPECT CONDENSATION. CREW TO MONITOR AND REPORT FURTHER",80447152,Behind carts,Condensation,2024-12-06 12:39:30.230,2.745578,101.708944,2024-12-06,0.41
A6-BLL,AUH,2024-12-04 19:25:10.904,A6-BLL002317-003,Galley G4A-1L,MASSIVE WATER LEAKAGE UPON LANDING. ,OPS TEST PERFORMED SEVERAL TIMES IAW AMM DMC-B787-A-25-32-00-25A-320A-A REV154/OCT24 ALL OPERATION NORMAL NO LEAK FOUND TO MONITOR AND REPORT FURTHER,80445671,Behind hot beverage machine,Nil Leak,2024-12-04 20:59:18.052,24.426389,54.651389,2024-12-04,1.57
A6-BLR,AUH,2024-12-04 18:46:16.755,A6-BLR002356-001,Galley G1F-1C,DURING TAKE OFF AND LANDING THE GALLEY GETS FLOODED WITH WATER COMING FROM THE BOTTOM OF LOCATION 1F1C13/14,"INSP OF R1 GALLEY CARRIED OUT IAW AMM B787-25-31-00-02A-311A-A REV 154 31 OCT 24, NIL LEAK FOUND .",80445787,Behind carts,Nil Leak,2024-12-04 22:00:49.127,24.426389,54.651389,2024-12-04,3.24
A6-BLR,AUH,2024-11-27 19:49:49.457,A6-BLR002344-003,Galley G4A-1C,LOTS OF WATER CAME FROM BEHIND THE CARTS ON GROUND IN CGK AND ON LANDING,"PHYSICALLY CHECKED AND REMOVED ICE FORMATION ON GALLEY CHILLER FLAPS IAW AMM DMC-B787-A-25-33-01-00A-258A-A REV.006 DTD 31 OCT 2024
NO WATER LEAKS OBSERVED",80439713,Behind carts,Ice on chiller flaps,2024-11-27 22:07:59.609,24.426389,54.651389,2024-11-27,2.3
A6-BLR,AUH,2024-11-27 14:23:46.504,A6-BLR002344-002,Galley G1F-1C,WATER LEAKING FROM BELOW DURING TAKE OFF AND LANDING,CLEANED AND REMOVED DEBRIS OF ICE DRAWER STRAINER IAW AMM DMC-B787-A-38-31-25-00A-258A-A REV.019 DTD 31 OCT 2024 DRAINING OPS NOW SATIS. NO WATER LEAKS OBSERVED,80439712,Ice Drawer,Ice Drawer drain clogged,2024-11-27 22:08:22.153,24.426389,54.651389,2024-11-27,7.74
A6-BMB,AUH,2024-11-23 08:40:36.272,A6-BMB002434-002,Galley G1F-1C,EXCESSIVE WATER LEAKAGE FROM UNDER THE EQUIPMENTS 1F1C09-11 DURING TAKE OFF ,"BEVERAGE MAKER POSITION 1F1C09 REMOVED AND INSTALLED BACK, TEST PERFORMED SATISFACTORY IAW AMM DMC-B787-A- 25-32-00-10A-520A/720A-A REV 154, REV DATE 31 AUG 2024.",80435966,Behind hot beverage machine,Bev maker reinstalled,2024-11-23 09:14:47.311,24.426389,54.651389,2024-11-23,0.57
A6-BNB,KUL,2024-11-13 11:47:35.385,A6-BNB002681-001,Galley G1A-1C,LITTLE WATER LEAK FROM BEHIND THE CARTS DURING THE FLIGHT,AREA CLEANED AND INSPECTED. NO LEAKS OBSERVED. SUSPECT CONDENSATION. TO MONITOR FURTHER,80427709,Behind carts,Condensation,2024-11-13 12:13:34.428,2.745578,101.708944,2024-11-13,0.43
A6-BLY,AUH,2024-11-08 14:50:32.775,A6-BLY002385-002,Galley G1F-1C,WATER LEAK FROM UNDER TRASH COMPACTOR,REF TO WO # 80418357 FOR THE ACTION,80423598,Behind carts,Condensation,2024-11-09 16:26:24.450,24.426389,54.651389,2024-11-08,25.6
A6-BLL,AUH,2024-11-01 18:38:48.108,A6-BLL002252-001,Galley G1F-1C,"OVERFLOW OF WATER FROM R1 GALLEY DURING TAKE OFF.
",CARRIED OUT GALLEY R1 LEAK TEST IAW AM. DMC-B787-A-25-31-00-01A-364A-A REV153 30SEP24. SATIS NO LEAK FOUNF,80418278,Behind carts,Galley leak test,2024-11-01 23:28:29.221,24.426389,54.651389,2024-11-01,4.83
A6-BLA,SVO,2024-11-01 04:50:27.762,A6-BLA002028-004,Galley G1F-1C,"ICE DRAWER IS BLOCKDD AND TGE WATER IS NIT DRAINING, FLOODING AT TAKE OFF",SINK BLOCKAGE CLEANED. GWIV TEST PERFORMED IAW AMM DMC-B787-A-38-31-11-07A-720A-A REV153/30SEP2024. OPS CHECK OK,80417699,Ice Drawer,Ice Drawer drain clogged,2024-11-01 06:59:31.178,55.9726,37.4146,2024-11-01,2.15
A6-BLT,AUH,2024-10-28 18:39:54.990,A6-BLT002219-004,Galley G4A-1C,"WATER IS LEAKING FROM BEHIND CARTS IN R4 GALLEY. 
FLOOR IS WET B","R4 GALLEY INSPECTION PERFORMED NIL WATER LEAK OBSERVED , FOUND WATER BOTTLE INSIDE FOOD CARD LECKING, CLEANING PERFORMED AERA MONITORED NIL FOUND ",80415000,Behind carts,Condensation,2024-10-28 20:13:03.646,24.426389,54.651389,2024-10-28,1.55
A6-BLA,AUH,2024-10-25 05:22:25.865,A6-BLA002015-001,Galley G1F-1C,WATER SPILLAGE AT R1 GALLEY FROM ICE DRAWER COMPARTMENT (1F1C12).FLOOR GOT WET,"R1 GALLEY ICE BOX DRAWER DRAIN FOUND BLOCKED ,SAME CLEANED ,NIL WATER LEAKAGE.",80412491,Ice Drawer,Ice Drawer drain clogged,2024-10-25 21:21:40.263,24.426389,54.651389,2024-10-25,15.99
A6-BLJ,HYD,2024-10-20 14:33:02.796,A6-BLJ002168-001,Galley G4A-1C,WATER COMING FROM CHILLERS DURING TAKE OF AND LANDING,UPON INSPECTION FOUND ICE FORMED ON FWD GALLEY REFRIGERATION FLAP ASSY DUE TO CONDENSATION SAME CLEANED NO LEAKS,80408423,Behind carts,Ice on chiller flaps,2024-10-21 17:02:09.953,17.2311,78.4291,2024-10-20,26.49
A6-BMA,AMS,2024-10-20 13:48:58.292,A6-BMA002389-001,Galley G1F-1C,1F1C04 AND 1F1C09 WATER GUSHING FROM THIS CONTAINERS FOR TAKEOFF R1 GALLEY,"WATER WIPED AND COMPARTMENT DRIED
NO LEAKS OBSERVED WATER SEEMS TO BE RESULT OF CONDENSATION
REF AMM 25-31-00-02A-311A-A REV 153 30SEP24
PLS OBSERVE",80408580,Behind carts,Condensation,2024-10-20 19:16:29.269,52.308613,4.763889,2024-10-20,5.46
A6-BLH,BRU,2024-10-15 11:36:45.842,A6-BLH002304-004,Galley G2A-1C,2A1C14/ 2A1C15 HEAVY WATER LEAKAGE FROM BEHIMD THE CARTS,"AREA INSPECTED, NO LEAK FOUND, CONDENSATION SUSPECTED. OPS CHK IAW AMM  DMC-B787-A-25-32-00-28A-320A-A REV 152 DATE 31 AUG 2024.",80404490,Behind carts,Condensation,2024-10-15 12:51:08.984,50.9019,4.4844,2024-10-15,1.24
A6-BLN,MXP,2024-10-13 16:15:23.730,A6-BLN002254-001,Galley G2A-1C,"WATER LEAK IN R2 GALLEY FOR TAKEOFF AND LANDING.
WATER FLOWS FROM BEHIND THE OVENS AND FRIDGES BOTH SIDE OF THE GALLEY.","LEAK TEST PERFORMED IAW AMM B787-A-25-31-00-01A-364A-A REV 050 / 31 OCT 2022.  
AREA CLEANED FROM RESIDUAL WATER. NO LEAKS OBSERVED.",80403080,Behind fridge,Nil Leak,2024-10-13 19:11:48.986,45.63,8.7281,2024-10-13,2.94
A6-BLA,LHR,2024-10-13 08:04:03.417,A6-BLA001990-006,Galley G1F-1C,LARGE AMOUNT OF WATER FALLING WHEN ENGINE POWER IS APPLIED. FLOOR SOAKED. HAZARD IN CASE OF EVACUATION. ,"NO SIGN OF LEAKAGE, CHECK FOUND OK.PLS MONITOR AND REPORT FURTHER.
AREA CLEANED",80402931,Ice Drawer,Nil Leak,2024-10-13 15:33:48.160,51.47002,-0.454295,2024-10-13,7.5
A6-BMA,AUH,2024-10-10 18:49:34.243,A6-BMA002368-001,Galley G1F-1C,WATER IS LEAKING FROM THE CONTAINER STOWAGE.,NIL WATER LEAKAGE NOTED ON INSPECTION AT G1F-1C03 AREA. SUSPECT CONDENSATION.,80400699,Behind carts,Condensation,2024-10-10 21:07:09.453,24.426389,54.651389,2024-10-10,2.29
A6-BNB,AUH,2024-10-09 01:28:39.784,A6-BNB002601-006,Galley G1F-1C,ALOT OF WATER LEAKED DURING TAKE OFF FROM THE ICE DRAWER.,GALLEY ICE DRAWER DRAIN SYSTEM CLEANING PERFORMED IAW AMM DMC-B787-38-31-25-00A-258A-A REV153 SEP24 OPS SATIS,80399266,Ice Drawer,Ice Drawer cleaned,2024-10-09 08:38:25.269,24.426389,54.651389,2024-10-09,7.16
A6-BLH,AUH,2024-10-08 14:12:04.357,A6-BLH002289-002,Galley G1F-1C,"BEFORE TAKE OFF @R1 WATER LEAKAGE FROM CART STOWAGE 1F1C13/14. 
","FWD GALLEY GALLEY CART STOWAGE COMPARTMENTS 1F1C13/14 CHECKED AND FOUND NO SIGN OF WATER LEAK.
FWD GALLEY INSPECTED FOR ANY WATER LEAK AND NO WATER LEAK FOUND.
SUSPECT CONDENSATION IN GALLEY CART STOWAGES.
ENTRY CLOSED.",80398884,Behind carts,Condensation,2024-10-08 15:57:11.914,24.426389,54.651389,2024-10-08,1.75
A6-BLQ,AUH,2024-10-04 15:03:12.058,A6-BLQ002217-002,Galley G1F-1C,CHECK ICE BUILD UP INSIDE THE AIR CHILLERS RUBBERS AS THEY LEAK A LOT OF WATER FOR TAKE OFF AND LANDING,ICE / WATER REMOVED. NOW OK. ,80395648,Behind carts,Ice on chiller flaps,2024-10-04 16:54:18.630,24.426389,54.651389,2024-10-04,1.85
A6-BLN,AUH,2024-10-01 13:14:43.166,A6-BLN002228-004,Galley G2A-1C,HEAVY WATER LEAKAGE THROUGHOUT THE FLIGHT BEHIND SERVICE CART AND BEHIND OVEN,WATER SHUTOFF VALVE NORMALISED. LEAK TEST PERFORMED IAW AMM B787-A-25-31-00-01A-364A-A REV 050 / 31 OCT 2022. NIL WATER LEAKAGE FOUND. ,80393333,Behind carts,Nil Leak,2024-10-02 21:23:51.991,24.426389,54.651389,2024-10-01,32.15
A6-BLJ,FRA,2024-09-29 04:45:02.957,A6-BLJ002130-002,Galley G1A-1C,WATER LEAKING FROM UDERNEATH THE CARTS ON TAKEOFF AND LANDING,"INSPECTION PERFORMED, NO LEAK FOUND",80391221,Behind carts,Nil Leak,2024-09-29 05:28:46.291,50.037933,8.562152,2024-09-29,0.73
A6-BLN,KUL,2024-09-22 09:20:31.552,A6-BLN002211-001,Galley G2F-1C,SIGNIFICANT AMOUNT OF WATER CAME FROM UNDERNEATH TRASH COMPACTOR.,"INSPECTED NIL ABNORMALITIES NOTED , AREA CLEANED AND NIL LEAK NOTED.",80385566,Behind carts,Nil Leak,2024-09-22 12:49:05.070,2.745578,101.708944,2024-09-22,3.48
A6-BMB,AUH,2024-09-20 14:26:29.684,A6-BMB002297-001,Galley G1F-1C,LOTS OF WATER COMING FOR TAKE OFF AND LANDING FROM BELLOW ICE DRAWER.,G1F-1C-1F1C12-ICEDRAWER CLEAN IAW AMM 38-31-25-00A-258A REV 152 / 24 AUG 2024.,80384208,Ice Drawer,Ice Drawer cleaned,2024-09-20 20:34:11.361,24.426389,54.651389,2024-09-20,6.13
A6-BNC,MAD,2024-09-20 05:57:04.106,A6-BNC002515-003,Galley G4A-1L,WATER WAS LEAKING THROUGH CONTAINERS ON LHS. WATER SHUT OFF VALVE HAS BEEN CLOSED.,"AFT GALLEY, ALL CONTAINER COMPARTMENTS, INSPECTED AFTER TURNING ON WATER SHUTOFF VALVE AND NO LEAK FOUND. ALSO ALL AREAS ARE DRY. UNABLE TO REPRODUCE FAILURE ON GROUND. PLEASE REPORT FURTHER.",80383747,Behind carts,Nil Leak,2024-09-20 07:28:33.301,40.4936,-3.5676,2024-09-20,1.52
A6-BLZ,MXP,2024-09-19 03:00:21.192,A6-BLZ002496-003,Galley G2A-1C,"WATER LEAKNG BELOW SINK .BEHIND THE CART .
WATER COMING FROM CART.",GALLEY PORTABLE WATER LEAK TEST C/O IAW DMC-B787-A-25-31-00-01A-364A-A SATIS,80382890,Behind carts,Galley leak test,2024-09-19 07:01:34.553,45.63,8.7281,2024-09-19,4.02
A6-BMG,LHR,2024-09-18 10:47:32.381,A6-BMG002324-001,Galley G4A-1R,R4 GALLEY RHS WATER SUPPLY SHUT OFF DUE TO LEAKAGE,"NO LEAK FOUND, ONLY ICE BUILD UP FROM THE REFREGIRATION PORT, SAME REMOVED. WATER SOV OPENED. NIL LEAK DETECTED.",80382271,Behind fridge,Ice on fridge port,2024-09-18 12:16:11.278,51.47002,-0.454295,2024-09-18,1.48
A6-BLH,KUL,2024-02-19 11:01:26.426,A6-BLH001798-004,Galley G4A-1R,LOTS OF WATER LEAKING AT FLOOR LEVEL  BUT DONT KNOW WHERE EXACTLY,AREA CLEANED. SUSPECT FROM CHILLER CONDENSATION,80230831,Behind carts,Condensation,2024-02-19 12:05:28.713,2.745578,101.708944,2024-02-19,1.07
A6-BNB,FRA,2024-02-17 17:28:47.259,A6-BNB002019-002,Galley G1A-1C,"WATER RUNS IN THE GALLEY FLOOR DURING LANDING AND TAKE OFF. 
GWIF WAS USED BUT STILLTHE SAME.","RESET CARRIED OUT AND CHECKED, OPS NORMAL ON GROUND",80229698,Behind carts,Galley leak test,2024-02-17 18:44:18.135,50.037933,8.562152,2024-02-17,1.26
A6-BLR,MLE,2024-02-15 23:45:40.148,A6-BLR001765-002,Galley G4A-1C,4A1C15 WATER LEAKING.,NO LEAK FOUND. WATER FORMED DUE TO ICE FORMATION IN CHILLER,80228685,Behind carts,Ice on chiller flaps,2024-02-16 02:38:09.797,4.1915,73.5242,2024-02-15,2.87
A6-BNC,AUH,2024-02-03 18:39:59.572,A6-BNC001965-003,Galley G1F-1C,WATER CAME OUT OF THE DRAWER DURING TAKE OFF. ,CLEANED ICE RESIDUAL NO LEAKS CHECKED,80221236,Ice Drawer,Ice Drawer drain clogged,2024-02-03 21:35:27.149,24.426389,54.651389,2024-02-03,2.92
A6-BLD,AUH,2024-01-28 15:14:58.162,A6-BLD001604-003,Galley G1F-1C,WATER RUNNING CONTINUOUSLY FROM UNDER,R1 ICE DRAWER DRAIN FOUND CLOGGED .SAME CLEANED. NOW SATIS.NIL LEAKS.,80217405,Ice Drawer,Ice Drawer drain clogged,2024-01-28 16:21:02.820,24.426389,54.651389,2024-01-28,1.1
A6-BLK,MNL,2024-01-27 12:24:01.424,A6-BLK001725-001,Galley G4A-1C,WATER LEAKAGE FROM THE GALLEY,"CLEANED AND REMOVED WATER RESIDUAL ON R4 CENTER GALLEY. CHECK ON GROUND, NIL LEAK FOUND. ",80216722,Behind carts,Nil Leak,2024-01-27 14:26:11.351,14.5086,121.0198,2024-01-27,2.04
A6-BLZ,AMS,2024-01-21 18:01:43.923,A6-BLZ001942-002,Galley G1F-1C,WATER POURING OFF DURING TAKE OFF FROM ICE DRAWER R1 GALLEY,"CLEANED DRAWER ACC DMC38-31-25-00A RE87
",80213049,Ice Drawer,Ice Drawer cleaned,2024-01-21 19:28:11.109,52.308613,4.763889,2024-01-21,1.44
A6-BLR,JNB,2023-12-31 06:08:11.787,A6-BLR001669-002,Galley G4A-1C,HEAVY FLOW OF WATER COMING FROM CART STOWAGE AT G4A-1C-4A1C20 ON TOP OF DESCENT,"AREA CHECKED , FOUND WATER CAME FROM GCU CONDENSATION , AREA CLEANED AND DRIED OUT .",80199779,Behind carts,Condensation,2023-12-31 07:14:59.344,-26.1392,28.2468,2023-12-31,1.11
A6-BLY,NRT,2023-12-31 00:37:39.321,A6-BLY001720-001,Galley G2F-1C,WATER FLOW WENT OFF AFTER TAKE OFF IN R2 GALLEY,R2 GALLEY AREA INSPECTED.NIL WATER LEAK FOUND.,80199694,Behind carts,Nil Leak,2023-12-31 03:48:33.649,35.7721,140.3929,2023-12-31,3.18
A6-BLP,AUH,2023-12-30 17:59:14.437,A6-BLP001597-003,Galley G2F-1C,2F1C13 STOWAGE ONCE CART IS OUT WATER SPRINCLES WITH AIR FROM THE CHILLER,"2F1C13 GALLEY FOUND WITH WATER CONDINSATION, SAME CLEANED WITH NO SIGNS OF WATER LEAK IAW AMM 25-31-00-01A-364A-A REV 50/ OCT 2022",80199506,Behind carts,Condensation,2023-12-30 20:40:21.417,24.426389,54.651389,2023-12-30,2.69
A6-BLE,GVA,2023-12-28 06:09:03.163,A6-BLE001548-006,Galley G2A-1C,ACCUMULATES WATER AS THE ICE DRAWER SINK IS BLOCKED,CARRIED OUT REWORK OF THE STRAINER I.A.W CMM 25-37-56 REV 07 DATED 03 JUL 2023.,80198025,Ice Drawer,Ice Drawer drain clogged,2024-04-17 12:40:29.029,46.2381,6.1081,2023-12-28,2670.52
A6-BMB,MNL,2023-12-24 07:01:30.613,A6-BMB001742-001,Galley G1F-1C,RECURRING WATER LEAKAGE IN R1 GALLEY UNDER ICE DRAWER LEAKING INTO THE CARTS,CLEANED R1 GALLEY.NIL LEAK FOUND.NORMAL,80195806,Ice Drawer,Nil Leak,2023-12-24 14:13:57.397,14.5086,121.0198,2023-12-24,7.21
A6-BMB,AUH,2023-12-15 15:35:37.565,A6-BMB001721-004,Galley G1F-1C,ESTIMATE 1L WATER LEAKED FROM ICE DRAWER TO GALLEY FLOOR DURING TAKE OFF,FOUND THE DRAIN BLOCKED SAME CLEANED IAW AMM 38-31-25-00A-258A REV 143/30NOV23,80190646,Ice Drawer,Ice Drawer drain clogged,2023-12-15 16:46:44.951,24.426389,54.651389,2023-12-15,1.19
A6-BMA,MAN,2023-12-11 06:52:02.369,A6-BMA001739-001,Galley G4A-1C,"MAJOR WATER LEAK UPON LANDING, A LOT OF WATER GUSHED TOWARDS THE CARPET.",REAR GALLEY ICE CLEANED AND WATER DRAINED,80188556,Behind carts,Ice on chiller flaps,2023-12-11 07:31:20.905,53.365,-2.2722,2023-12-11,0.66
A6-BLT,AUH,2023-12-09 02:10:57.654,A6-BLT001605-003,Galley G4A-1L,WATER LEAKAGE FROM THE ICE DRAWER,CLEANED AND UNBLOCK C/OUT IAW AMM DMC-B787-A-38-31-25-00A-258A-A REV 017/31 OCT 2022 OPS CHECK FOUND SATIS.,80187517,Ice Drawer,Ice Drawer drain clogged,2023-12-09 05:16:47.060,24.426389,54.651389,2023-12-09,3.1
A6-BMB,AMS,2023-11-30 02:10:58.000,,Galley G1F-1C,WATER LEAKAGE FROM BEHIND 2 CARTS STOWAGE NUMBER 1F1C13 AND 1F1C14 DURING TAXI AND BEFORE DEPARTURE IT STOPPED AFTER TAKE OFF.,NOTED. KLM 38964,23284961,Behind carts,Nil Leak,2023-12-10 05:16:47.060,52.308613,4.763889,2023-11-30,243.1
A6-BNB,AUH,2023-11-20 02:10:58.000,,Galley G4A-1C,R4 GALLETY ICE BOX WATER LEAKAGE INTO THE CABIN,ICE BOX DRAWER DRAIN CLEANED IAW AMM 38-31-28-00A-258A REV. 142 / 31OCT23. SATIS.,23043293,Ice Drawer,Ice Drawer cleaned,2023-12-11 05:16:47.060,24.426389,54.651389,2023-11-20,507.1
A6-BLK,AUH,2023-11-07 02:10:58.000,,Galley G4A-1C,WATER LEAK IN R4 GALLEY DURING TOP OF DESCENT FROM CHILLERS BEHIND CARTS.,"R4 GALLEY INSP. C/OUT FOUND CONDENSATION, NIL FAULTS OPS TEST C/O IAW 38-31-00-00A-364A-A REV 059 / 31 OCT 2022. TEST OK.",23175382,Behind carts,Condensation,2023-12-12 05:16:47.060,24.426389,54.651389,2023-11-07,843.1
A6-BLY,AUH,2023-07-30 02:10:58.000,,Galley G1A-1C,WATER LEAKAGE BEHIND CART STOWAGE 1A1C09F/1A1C09R,"GENERAL VISUAL INSPECTION OF FWD GALLEY C/OUT IAW AMM 25-31-00-02A-311A-A REV 042, 31 OCT 22 NIL LEAKS FOUND SUSPECTED CONDENSATION . NIL FURTHER MAINT ACTION REQ.",23003053,Behind carts,Condensation,2023-12-14 05:16:47.060,24.426389,54.651389,2023-07-30,3291.1
A6-BLH,AUH,2023-07-29 02:10:58.000,,Galley G4A-1C,"R4 GALLEY FLOOR HAD WATER LEAKING FROM BEHIND THE CARTS DURING LANDING, EXACT LOCATION AND SOURCE OF LEAK UNDETERMINED.",C/O R4 GALLEY AREA INSP IAW AMM 25-31-00-02A-311A-A REV 42 / OCT 2022. FOUND NIL LEAK SUSPECT CONDENSATION (WATER) FROM FOOD CARTS.,23283310,Behind carts,Condensation,2023-12-15 05:16:47.060,24.426389,54.651389,2023-07-29,3339.1
A6-BLQ,AUH,2023-07-21 02:10:58.000,,Galley G2A-1C,UNIDENTIFIED WATER LEAKAGE IN R2 GALLEY DURING LANDING,ALL GALLEY CARTS REMOVED FOUND NIL EVIDENCE OF ANY WATER LEAK,22987733,Behind carts,Nil Leak,2023-12-16 05:16:47.060,24.426389,54.651389,2023-07-21,3555.1
A6-BLH,AUH,2023-07-15 02:10:58.000,,Galley G2A-1C,R2 WATER LEAKAGE FROM UNDER THE ICE DRAWER,"C/O R2 GALLEY ICE DRAWER CLEANING IAW AMM 38-31-25-00A-258A-A REV 17/ OCT 2022, LEAK CHECK FOUND SATIS",23118350,Ice Drawer,Ice Drawer cleaned,2023-12-17 05:16:47.060,24.426389,54.651389,2023-07-15,3723.1
A6-BNB,SVO,2023-06-28 02:10:58.000,,Galley G1A-1C,R1 GALLEY - WATER LEAKAGE ON THE FLOOR FROM UNDER THE CARTS,GALLEY FOUND WITH WATER DUE CONDENSATION AREA CLEANED. NIL LEAKS FOUND,23176977,Behind carts,Condensation,2023-12-18 05:16:47.060,55.9726,37.4146,2023-06-28,4155.1
A6-BLF,AUH,2023-06-24 02:10:58.000,,Galley G4A-1C,R4 GALLEY WATER LEAKAGE COMING FROM BEHIND MIDDLE CART DURING DESEND,R4 GALLEY GVI C/OUT IAW AMM AMC -787-A-25-31-00--02A-31A-A REV 137 31MAY 23 NILL WATER LEAKS FOUND SUSPCTED CONDENSTATION MOISTURE,23277640,Behind carts,Condensation,2023-12-19 05:16:47.060,24.426389,54.651389,2023-06-24,4275.1
A6-BLK,AUH,2023-05-02 02:10:58.000,A6-BLT001605-014,Galley G2F-1C,R2 GALLEY WATER LEAKAGE (ON THE FLOOR),UNABLE TO FIND ANY WATER LEAKAGE SUSPECT WATER DUE TO CONDENSATION,23031297,Behind carts,Condensation,2023-12-20 05:16:47.060,24.426389,54.651389,2023-05-02,5571.1
A6-BLE,AUH,2023-04-20 02:10:58.000,,Galley G1F-1C,R1 - ICE DRAWER WATER LEAKING 1F1C12,CLOGGED REMOVED OPS TEST C/OUT FUNCTION OK IAW CMM 25-37-56 REV 6 DTD 12 JUN 2020 .SATIS,80187529,Ice Drawer,Ice Drawer drain clogged,2023-12-21 05:16:47.060,24.426389,54.651389,2023-04-20,5883.1
A6-BMD,AUH,2023-04-19 02:10:58.000,,Galley G2A-1C,R2 GALLEY WATER LEAKAGE FROM BEHINND THE CART DURING TAKE OFF,WATER LEAKAGE REMOVED AND CLEANED.NIL LEAK FOUND.NOW SATIS.,80187530,Behind carts,Nil Leak,2023-12-22 05:16:47.060,24.426389,54.651389,2023-04-19,5931.1
A6-BNB,MLE,2023-04-12 02:10:58.000,,Galley G1A-1C,WATER LEAK FROM R1 GALLEY STOWAGE 1A1C10.,"INSPECTED GALLEY FOR LEAKS AND NIL FOUND, SUSPECT WATER DUE CONDENSATION FROM GALLEY CART. IA588",80187531,Behind carts,Condensation,2023-12-23 05:16:47.060,4.1915,73.5242,2023-04-12,6123.1
